imgs/train/Prueba_1_22_06_rgb_copia_Flight_01_00037_trozo_52_jpg.rf.0593e4693cc7d5f16548d8aea0806fef.jpg,233,210,300,289,person
imgs/train/Gabriel_Flight_01_00015_trozo_29_jpg.rf.02f5e7616f01749b436cfa29f3523481.jpg,297,461,387,524,person
imgs/train/Gabriel_Flight_01_00003_trozo_31_jpg.rf.0ef1e6394c62fc975a646194fe78d77a.jpg,338,69,420,119,person
imgs/train/Gabriel_Flight_01_00003_trozo_31_jpg.rf.0ef1e6394c62fc975a646194fe78d77a.jpg,428,129,493,180,person
imgs/train/Gabriel_Flight_01_00003_trozo_31_jpg.rf.0ef1e6394c62fc975a646194fe78d77a.jpg,150,231,236,290,person
imgs/train/Gabriel_Flight_01_00003_trozo_31_jpg.rf.0ef1e6394c62fc975a646194fe78d77a.jpg,201,291,284,335,person
imgs/train/Gabriel_Flight_01_00003_trozo_31_jpg.rf.0ef1e6394c62fc975a646194fe78d77a.jpg,191,324,288,382,person
imgs/train/Gabriel_Flight_01_00003_trozo_31_jpg.rf.0ef1e6394c62fc975a646194fe78d77a.jpg,518,315,587,375,person
imgs/train/Gabriel_Flight_01_00003_trozo_31_jpg.rf.0ef1e6394c62fc975a646194fe78d77a.jpg,538,414,609,458,person
imgs/train/Gabriel_Flight_01_00003_trozo_31_jpg.rf.0ef1e6394c62fc975a646194fe78d77a.jpg,332,544,418,588,person
imgs/train/Prueba_1_22_06_rgb_copia_Flight_01_00156_trozo_50_jpg.rf.0ee8dc0ed7f598caecc6644359ec1752.jpg,276,222,347,262,person
imgs/train/Prueba_1_22_06_rgb_copia_Flight_01_00156_trozo_50_jpg.rf.0ee8dc0ed7f598caecc6644359ec1752.jpg,254,256,336,293,person
imgs/train/Prueba_1_22_06_rgb_copia_Flight_01_00156_trozo_4_jpg.rf.1c497d944c7802b6b54e9b32a31f4b30.jpg,331,255,395,324,person
imgs/train/Prueba_1_22_06_rgb_copia_Flight_01_00037_trozo_12_jpg.rf.1c9e888d9784e01fccac149e9547b438.jpg,90,114,177,169,person
imgs/train/Gabriel_Flight_01_00005_trozo_40_jpg.rf.1d011018118a958ec3cf7405694f938f.jpg,209,672,280,725,person
imgs/train/Gabriel_Flight_01_00005_trozo_40_jpg.rf.1d011018118a958ec3cf7405694f938f.jpg,282,656,358,696,person
imgs/train/Gabriel_Flight_01_00005_trozo_40_jpg.rf.1d011018118a958ec3cf7405694f938f.jpg,333,673,401,709,person
imgs/train/Gabriel_Flight_01_00005_trozo_40_jpg.rf.1d011018118a958ec3cf7405694f938f.jpg,308,604,370,625,person
imgs/train/Gabriel_Flight_01_00005_trozo_40_jpg.rf.1d011018118a958ec3cf7405694f938f.jpg,347,608,421,644,person
imgs/train/Gabriel_Flight_01_00013_trozo_58_jpg.rf.1cc2d8e044453e55a30e932e695ccd6c.jpg,74,559,151,653,person
imgs/train/Prueba_1_22_06_rgb_copia_Flight_01_00105_trozo_24_jpg.rf.06d8981c01a889e5e4c2172cc0a67bd9.jpg,188,406,251,475,person
imgs/train/Prueba_1_22_06_rgb_copia_Flight_01_00105_trozo_24_jpg.rf.06d8981c01a889e5e4c2172cc0a67bd9.jpg,244,392,302,457,person
imgs/train/Prueba_1_22_06_rgb_copia_Flight_01_00105_trozo_24_jpg.rf.06d8981c01a889e5e4c2172cc0a67bd9.jpg,519,712,593,772,person
imgs/train/Prueba_1_22_06_rgb_copia_Flight_01_00105_trozo_49_jpg.rf.0f50ebe47199c6c3bebe90c6054a5e24.jpg,214,533,310,588,person
imgs/train/Gabriel_Flight_01_00012_trozo_28_jpg.rf.22d158c10d94a0adca912bbf3eca6b51.jpg,68,264,131,318,person
imgs/train/Prueba_1_22_06_rgb_copia_Flight_01_00046_trozo_35_jpg.rf.24d1f1c39850f83f03e59e15abb61acc.jpg,358,251,448,355,person
imgs/train/Prueba_1_22_06_rgb_copia_Flight_01_00156_trozo_20_jpg.rf.235a480f717fbf8be1d2ddfc061510cc.jpg,490,531,603,591,person
imgs/train/Prueba_1_22_06_rgb_copia_Flight_01_00156_trozo_20_jpg.rf.235a480f717fbf8be1d2ddfc061510cc.jpg,414,687,510,746,person
imgs/train/Prueba_1_22_06_rgb_copia_Flight_01_00105_trozo_5_jpg.rf.250b566346885859a4dfb364658da0f3.jpg,251,517,315,571,person
imgs/train/Prueba_1_22_06_rgb_copia_Flight_01_00105_trozo_5_jpg.rf.250b566346885859a4dfb364658da0f3.jpg,10,17,81,96,person
imgs/train/Prueba_1_22_06_rgb_copia_Flight_01_00082_trozo_0_jpg.rf.2541eb436e816442fc7cd7e519d94562.jpg,469,472,546,531,person
imgs/train/Gabriel_Flight_01_00015_trozo_0_jpg.rf.29cabe051697bc65108aafe3fc4a1539.jpg,144,117,218,166,person
imgs/train/Gabriel_Flight_01_00015_trozo_0_jpg.rf.29cabe051697bc65108aafe3fc4a1539.jpg,609,322,682,386,person
imgs/train/Gabriel_Flight_01_00015_trozo_0_jpg.rf.29cabe051697bc65108aafe3fc4a1539.jpg,688,336,723,392,person
imgs/train/Gabriel_Flight_01_00015_trozo_0_jpg.rf.29cabe051697bc65108aafe3fc4a1539.jpg,682,399,726,437,person
imgs/train/Gabriel_Flight_01_00015_trozo_0_jpg.rf.29cabe051697bc65108aafe3fc4a1539.jpg,595,571,677,635,person
imgs/train/Gabriel_Flight_01_00007_trozo_59_jpg.rf.2c7b4423f97090fa1fcfb666fed3e229.jpg,550,260,617,333,person
imgs/train/Gabriel_Flight_01_00007_trozo_59_jpg.rf.2c7b4423f97090fa1fcfb666fed3e229.jpg,3,3,58,49,person
imgs/train/Gabriel_Flight_01_00008_trozo_41_jpg.rf.2967dcde95825b5d4ca55dec02ca7e57.jpg,295,38,372,82,person
imgs/train/Gabriel_Flight_01_00008_trozo_41_jpg.rf.2967dcde95825b5d4ca55dec02ca7e57.jpg,385,22,452,71,person
imgs/train/Prueba_1_22_06_rgb_copia_Flight_01_00046_trozo_45_jpg.rf.2e4c0f4501e785c035ff4d41615945a2.jpg,700,523,759,579,person
imgs/train/Prueba_1_22_06_rgb_copia_Flight_01_00046_trozo_45_jpg.rf.2e4c0f4501e785c035ff4d41615945a2.jpg,746,581,792,648,person
imgs/train/Gabriel_Flight_01_00006_trozo_22_jpg.rf.2e0656b39bde73d6a9f27034980fe7aa.jpg,318,264,397,318,person
imgs/train/Prueba_1_22_06_rgb_copia_Flight_01_00150_trozo_31_jpg.rf.36435448633dc335b9b5d3b103c8fae5.jpg,513,299,587,375,person
imgs/train/Prueba_1_22_06_rgb_copia_Flight_01_00150_trozo_31_jpg.rf.36435448633dc335b9b5d3b103c8fae5.jpg,354,605,413,667,person
imgs/train/Prueba_1_22_06_rgb_copia_Flight_01_00150_trozo_31_jpg.rf.36435448633dc335b9b5d3b103c8fae5.jpg,414,596,493,664,person
imgs/train/Prueba_1_22_06_rgb_copia_Flight_01_00150_trozo_31_jpg.rf.36435448633dc335b9b5d3b103c8fae5.jpg,456,647,520,707,person
imgs/train/Prueba_1_22_06_rgb_copia_Flight_01_00150_trozo_31_jpg.rf.36435448633dc335b9b5d3b103c8fae5.jpg,645,526,716,582,person
imgs/train/Prueba_1_22_06_rgb_copia_Flight_01_00150_trozo_31_jpg.rf.36435448633dc335b9b5d3b103c8fae5.jpg,679,477,747,535,person
imgs/train/Prueba_1_22_06_rgb_copia_Flight_01_00150_trozo_31_jpg.rf.36435448633dc335b9b5d3b103c8fae5.jpg,741,491,795,546,person
imgs/train/Gabriel_Flight_01_00002_trozo_43_jpg.rf.352189056fd5f9d2f0c3d982fcdf2818.jpg,285,232,357,268,person
imgs/train/Gabriel_Flight_01_00002_trozo_43_jpg.rf.352189056fd5f9d2f0c3d982fcdf2818.jpg,306,194,371,238,person
imgs/train/Gabriel_Flight_01_00002_trozo_42_jpg.rf.40b9dc8811acdad858e1eba5c742c19b.jpg,213,13,292,66,person
imgs/train/Gabriel_Flight_01_00002_trozo_42_jpg.rf.40b9dc8811acdad858e1eba5c742c19b.jpg,183,274,256,324,person
imgs/train/Gabriel_Flight_01_00002_trozo_42_jpg.rf.40b9dc8811acdad858e1eba5c742c19b.jpg,226,331,305,364,person
imgs/train/Gabriel_Flight_01_00002_trozo_42_jpg.rf.40b9dc8811acdad858e1eba5c742c19b.jpg,265,368,321,414,person
imgs/train/Gabriel_Flight_01_00002_trozo_42_jpg.rf.40b9dc8811acdad858e1eba5c742c19b.jpg,317,328,386,379,person
imgs/train/Gabriel_Flight_01_00002_trozo_42_jpg.rf.40b9dc8811acdad858e1eba5c742c19b.jpg,395,271,468,325,person
imgs/train/Gabriel_Flight_01_00002_trozo_42_jpg.rf.40b9dc8811acdad858e1eba5c742c19b.jpg,465,332,541,378,person
imgs/train/Gabriel_Flight_01_00006_trozo_37_jpg.rf.4237a472f890e82af443353db271de77.jpg,413,32,499,83,person
imgs/train/Gabriel_Flight_01_00013_trozo_38_jpg.rf.4493948f04ff811369441ea3a2616531.jpg,490,329,554,397,person
imgs/train/Gabriel_Flight_01_00013_trozo_38_jpg.rf.4493948f04ff811369441ea3a2616531.jpg,585,518,659,567,person
imgs/train/Gabriel_Flight_01_00013_trozo_38_jpg.rf.4493948f04ff811369441ea3a2616531.jpg,690,27,757,83,person
imgs/train/Prueba_1_22_06_rgb_copia_Flight_01_00105_trozo_17_jpg.rf.43de8383e53da95b9ca2cf3b186a8a4a.jpg,632,185,688,248,person
imgs/train/Prueba_1_22_06_rgb_copia_Flight_01_00105_trozo_17_jpg.rf.43de8383e53da95b9ca2cf3b186a8a4a.jpg,673,128,717,192,person
imgs/train/Prueba_1_22_06_rgb_copia_Flight_01_00105_trozo_17_jpg.rf.43de8383e53da95b9ca2cf3b186a8a4a.jpg,726,136,777,221,person
imgs/train/Gabriel_Flight_01_00011_trozo_46_jpg.rf.42f9e622fb85663465f2aff05d3ba4de.jpg,428,376,469,435,person
imgs/train/Gabriel_Flight_01_00011_trozo_46_jpg.rf.42f9e622fb85663465f2aff05d3ba4de.jpg,385,413,432,471,person
imgs/train/Gabriel_Flight_01_00014_trozo_8_jpg.rf.455926e965829e36db124b258aa26e9d.jpg,396,337,467,387,person
imgs/train/Prueba_1_22_06_rgb_copia_Flight_01_00105_trozo_13_jpg.rf.4ac4e454b9a1723f1fb2f3ff87f2771d.jpg,367,159,441,235,person
imgs/train/Prueba_1_22_06_rgb_copia_Flight_01_00105_trozo_13_jpg.rf.4ac4e454b9a1723f1fb2f3ff87f2771d.jpg,418,53,482,120,person
imgs/train/Gabriel_Flight_01_00002_trozo_39_jpg.rf.45565e953649307325d1e9a9071a9b1a.jpg,231,145,318,228,person
imgs/train/Gabriel_Flight_01_00012_trozo_17_jpg.rf.48f4ea42eb480921f1dcb573646ab2d6.jpg,740,728,795,786,person
imgs/train/Gabriel_Flight_01_00004_trozo_20_jpg.rf.5248e8711d97215e3a0450b062b1a169.jpg,588,109,665,159,person
imgs/train/Gabriel_Flight_01_00004_trozo_20_jpg.rf.5248e8711d97215e3a0450b062b1a169.jpg,674,658,733,694,person
imgs/train/Prueba_1_22_06_rgb_copia_Flight_01_00105_trozo_26_jpg.rf.56b172c3abb4ed1ea3611a4e74cd72b4.jpg,187,753,238,799,person
imgs/train/Prueba_1_22_06_rgb_copia_Flight_01_00105_trozo_26_jpg.rf.56b172c3abb4ed1ea3611a4e74cd72b4.jpg,388,438,438,483,person
imgs/train/Prueba_1_22_06_rgb_copia_Flight_01_00105_trozo_26_jpg.rf.56b172c3abb4ed1ea3611a4e74cd72b4.jpg,491,354,567,405,person
imgs/train/Prueba_1_22_06_rgb_copia_Flight_01_00105_trozo_26_jpg.rf.56b172c3abb4ed1ea3611a4e74cd72b4.jpg,545,494,618,575,person
imgs/train/Prueba_1_22_06_rgb_copia_Flight_01_00105_trozo_26_jpg.rf.56b172c3abb4ed1ea3611a4e74cd72b4.jpg,696,379,760,428,person
imgs/train/Prueba_1_22_06_rgb_copia_Flight_01_00003_trozo_14_jpg.rf.4debef85d6c1e0f0b282cbc9d5d2b714.jpg,92,378,161,442,person
imgs/train/Prueba_1_22_06_rgb_copia_Flight_01_00046_trozo_50_jpg.rf.5629f3fbe2384e1cff860ccc6ac0494b.jpg,567,287,675,373,person
imgs/train/Prueba_1_22_06_rgb_copia_Flight_01_00046_trozo_50_jpg.rf.5629f3fbe2384e1cff860ccc6ac0494b.jpg,608,494,664,554,person
imgs/train/Gabriel_Flight_01_00009_trozo_41_jpg.rf.52bd3b073bfaa91a22d1366a20c135cf.jpg,272,617,343,675,person
imgs/train/Prueba_1_22_06_rgb_copia_Flight_01_00050_trozo_21_jpg.rf.56f23d5096ca851ac2a50479b59059a6.jpg,623,42,692,98,person
imgs/train/Prueba_1_22_06_rgb_copia_Flight_01_00050_trozo_21_jpg.rf.56f23d5096ca851ac2a50479b59059a6.jpg,690,37,757,93,person
imgs/train/Prueba_1_22_06_rgb_copia_Flight_01_00050_trozo_21_jpg.rf.56f23d5096ca851ac2a50479b59059a6.jpg,688,109,753,178,person
imgs/train/Gabriel_Flight_01_00010_trozo_33_jpg.rf.5aac1fa7d1e8ca30d0e6f17627497dd3.jpg,59,683,126,742,person
imgs/train/Gabriel_Flight_01_00010_trozo_33_jpg.rf.5aac1fa7d1e8ca30d0e6f17627497dd3.jpg,142,749,188,798,person
imgs/train/Gabriel_Flight_01_00010_trozo_33_jpg.rf.5aac1fa7d1e8ca30d0e6f17627497dd3.jpg,254,709,305,756,person
imgs/train/Gabriel_Flight_01_00010_trozo_33_jpg.rf.5aac1fa7d1e8ca30d0e6f17627497dd3.jpg,290,674,336,716,person
imgs/train/Gabriel_Flight_01_00010_trozo_33_jpg.rf.5aac1fa7d1e8ca30d0e6f17627497dd3.jpg,331,708,372,752,person
imgs/train/Gabriel_Flight_01_00010_trozo_33_jpg.rf.5aac1fa7d1e8ca30d0e6f17627497dd3.jpg,363,749,407,798,person
imgs/train/Prueba_1_22_06_rgb_copia_Flight_01_00156_trozo_30_jpg.rf.5c017628020cd7b49a7d87c196479fe3.jpg,269,227,365,291,person
imgs/train/Prueba_1_22_06_rgb_copia_Flight_01_00156_trozo_30_jpg.rf.5c017628020cd7b49a7d87c196479fe3.jpg,208,714,290,777,person
imgs/train/Gabriel_Flight_01_00007_trozo_1_jpg.rf.2467b4ff19dd10c431152bc6e85aa36b.jpg,62,354,139,413,person
imgs/train/Gabriel_Flight_01_00007_trozo_13_jpg.rf.5bafb271ac5b14ec3d70edaadb39a6fc.jpg,158,344,225,399,person
imgs/train/Gabriel_Flight_01_00007_trozo_56_jpg.rf.5dd17db46b9220046406336a08c21d33.jpg,559,58,621,120,person
imgs/train/Gabriel_Flight_01_00004_trozo_2_jpg.rf.5c0d59be85e48c3d101b5b056c4e1883.jpg,112,750,188,791,person
imgs/train/Gabriel_Flight_01_00004_trozo_2_jpg.rf.5c0d59be85e48c3d101b5b056c4e1883.jpg,695,732,777,790,person
imgs/train/Gabriel_Flight_01_00002_trozo_13_jpg.rf.617253d9a133c4b763ae8ac87224a72f.jpg,64,113,132,169,person
imgs/train/Gabriel_Flight_01_00002_trozo_13_jpg.rf.617253d9a133c4b763ae8ac87224a72f.jpg,418,6,495,68,person
imgs/train/Gabriel_Flight_01_00002_trozo_13_jpg.rf.617253d9a133c4b763ae8ac87224a72f.jpg,500,35,568,103,person
imgs/train/Gabriel_Flight_01_00002_trozo_13_jpg.rf.617253d9a133c4b763ae8ac87224a72f.jpg,254,174,310,246,person
imgs/train/Gabriel_Flight_01_00002_trozo_13_jpg.rf.617253d9a133c4b763ae8ac87224a72f.jpg,313,201,371,266,person
imgs/train/Gabriel_Flight_01_00002_trozo_13_jpg.rf.617253d9a133c4b763ae8ac87224a72f.jpg,235,244,294,313,person
imgs/train/Gabriel_Flight_01_00002_trozo_13_jpg.rf.617253d9a133c4b763ae8ac87224a72f.jpg,596,196,654,263,person
imgs/train/Gabriel_Flight_01_00002_trozo_13_jpg.rf.617253d9a133c4b763ae8ac87224a72f.jpg,585,291,664,360,person
imgs/train/Gabriel_Flight_01_00002_trozo_13_jpg.rf.617253d9a133c4b763ae8ac87224a72f.jpg,429,383,506,452,person
imgs/train/Gabriel_Flight_01_00011_trozo_16_jpg.rf.6e6377d96800f1fee75219ed12f1871e.jpg,58,604,118,663,person
imgs/train/Gabriel_Flight_01_00011_trozo_16_jpg.rf.6e6377d96800f1fee75219ed12f1871e.jpg,649,610,702,648,person
imgs/train/Gabriel_Flight_01_00011_trozo_16_jpg.rf.6e6377d96800f1fee75219ed12f1871e.jpg,692,586,741,631,person
imgs/train/Gabriel_Flight_01_00002_trozo_2_jpg.rf.70a1faf5b97b1cdeaf684321cbca24d1.jpg,549,374,611,427,person
imgs/train/Gabriel_Flight_01_00002_trozo_2_jpg.rf.70a1faf5b97b1cdeaf684321cbca24d1.jpg,578,314,638,354,person
imgs/train/Gabriel_Flight_01_00002_trozo_2_jpg.rf.70a1faf5b97b1cdeaf684321cbca24d1.jpg,645,301,703,357,person
imgs/train/Gabriel_Flight_01_00002_trozo_2_jpg.rf.70a1faf5b97b1cdeaf684321cbca24d1.jpg,668,362,731,424,person
imgs/train/Gabriel_Flight_01_00002_trozo_2_jpg.rf.70a1faf5b97b1cdeaf684321cbca24d1.jpg,606,482,666,541,person
imgs/train/Prueba_1_22_06_rgb_copia_Flight_01_00082_trozo_21_jpg.rf.74c8674a4a8d24ab3d3d8db75bce37ba.jpg,124,494,212,541,person
imgs/train/Prueba_1_22_06_rgb_copia_Flight_01_00082_trozo_21_jpg.rf.74c8674a4a8d24ab3d3d8db75bce37ba.jpg,138,546,228,593,person
imgs/train/Prueba_1_22_06_rgb_copia_Flight_01_00082_trozo_21_jpg.rf.74c8674a4a8d24ab3d3d8db75bce37ba.jpg,221,565,297,615,person
imgs/train/Prueba_1_22_06_rgb_copia_Flight_01_00105_trozo_15_jpg.rf.74ce1fce41f47f2d19620b630f62f32a.jpg,101,597,156,652,person
imgs/train/Gabriel_Flight_01_00010_trozo_43_jpg.rf.70c5e518c5c043afa2a60f963158adb2.jpg,290,173,331,227,person
imgs/train/Gabriel_Flight_01_00009_trozo_15_jpg.rf.70353931d61608e4016d332c82a84a1c.jpg,304,254,377,314,person
imgs/train/Gabriel_Flight_01_00009_trozo_15_jpg.rf.70353931d61608e4016d332c82a84a1c.jpg,358,322,403,371,person
imgs/train/Gabriel_Flight_01_00009_trozo_15_jpg.rf.70353931d61608e4016d332c82a84a1c.jpg,487,268,525,319,person
imgs/train/Gabriel_Flight_01_00009_trozo_15_jpg.rf.70353931d61608e4016d332c82a84a1c.jpg,528,236,572,278,person
imgs/train/Gabriel_Flight_01_00009_trozo_15_jpg.rf.70353931d61608e4016d332c82a84a1c.jpg,565,256,614,303,person
imgs/train/Gabriel_Flight_01_00009_trozo_15_jpg.rf.70353931d61608e4016d332c82a84a1c.jpg,605,303,646,358,person
imgs/train/Gabriel_Flight_01_00009_trozo_15_jpg.rf.70353931d61608e4016d332c82a84a1c.jpg,538,535,587,588,person
imgs/train/Prueba_1_22_06_rgb_copia_Flight_01_00105_trozo_31_jpg.rf.73c1f478c034dde9bf7559bc44a7c1a6.jpg,545,37,607,179,person
imgs/train/Gabriel_Flight_01_00006_trozo_39_jpg.rf.75984fbf2ff5a3194c1268ca7da07cf6.jpg,474,127,515,171,person
imgs/train/Gabriel_Flight_01_00006_trozo_39_jpg.rf.75984fbf2ff5a3194c1268ca7da07cf6.jpg,651,154,693,201,person
imgs/train/Prueba_1_22_06_rgb_copia_Flight_01_00050_trozo_12_jpg.rf.78f81983718b35d74e1f3cc0f0b81e20.jpg,45,609,116,673,person
imgs/train/Prueba_1_22_06_rgb_copia_Flight_01_00050_trozo_12_jpg.rf.78f81983718b35d74e1f3cc0f0b81e20.jpg,23,677,95,728,person
imgs/train/Prueba_1_22_06_rgb_copia_Flight_01_00050_trozo_12_jpg.rf.78f81983718b35d74e1f3cc0f0b81e20.jpg,55,724,140,778,person
imgs/train/Prueba_1_22_06_rgb_copia_Flight_01_00050_trozo_12_jpg.rf.78f81983718b35d74e1f3cc0f0b81e20.jpg,113,667,192,739,person
imgs/train/Prueba_1_22_06_rgb_copia_Flight_01_00050_trozo_12_jpg.rf.78f81983718b35d74e1f3cc0f0b81e20.jpg,123,579,176,619,person
imgs/train/Prueba_1_22_06_rgb_copia_Flight_01_00050_trozo_12_jpg.rf.78f81983718b35d74e1f3cc0f0b81e20.jpg,167,610,238,669,person
imgs/train/Prueba_1_22_06_rgb_copia_Flight_01_00050_trozo_12_jpg.rf.78f81983718b35d74e1f3cc0f0b81e20.jpg,300,674,358,753,person
imgs/train/Prueba_1_22_06_rgb_copia_Flight_01_00050_trozo_12_jpg.rf.78f81983718b35d74e1f3cc0f0b81e20.jpg,344,692,425,756,person
imgs/train/Prueba_1_22_06_rgb_copia_Flight_01_00046_trozo_32_jpg.rf.62de2ada639294f4fbc4e8fdeb3550be.jpg,46,37,125,123,person
imgs/train/Gabriel_Flight_01_00015_trozo_28_jpg.rf.7d9305fc90f212956096d3803e6f808c.jpg,700,382,773,445,person
imgs/train/Prueba_1_22_06_rgb_copia_Flight_01_00105_trozo_44_jpg.rf.816a3ab0e30ba54edb5cee042f897881.jpg,19,103,84,154,person
imgs/train/Prueba_1_22_06_rgb_copia_Flight_01_00105_trozo_44_jpg.rf.816a3ab0e30ba54edb5cee042f897881.jpg,10,163,83,219,person
imgs/train/Gabriel_Flight_01_00015_trozo_33_jpg.rf.7fe2bd83989541f3e2efc14dbf6221bd.jpg,387,427,445,492,person
imgs/train/Gabriel_Flight_01_00015_trozo_33_jpg.rf.7fe2bd83989541f3e2efc14dbf6221bd.jpg,482,476,550,520,person
imgs/train/Gabriel_Flight_01_00008_trozo_49_jpg.rf.76e00dc7baba05f4af02e254abb3105c.jpg,54,605,124,684,person
imgs/train/Prueba_1_22_06_rgb_copia_Flight_01_00004_trozo_45_jpg.rf.83d84c51b83c68901eb2522383c94317.jpg,446,37,492,97,person
imgs/train/Prueba_1_22_06_rgb_copia_Flight_01_00004_trozo_45_jpg.rf.83d84c51b83c68901eb2522383c94317.jpg,491,29,551,102,person
imgs/train/Gabriel_Flight_01_00005_trozo_42_jpg.rf.7638d71dcd356e86f9a22f1427a08079.jpg,319,432,406,483,person
imgs/train/Gabriel_Flight_01_00005_trozo_42_jpg.rf.7638d71dcd356e86f9a22f1427a08079.jpg,695,356,766,391,person
imgs/train/Prueba_1_22_06_rgb_copia_Flight_01_00046_trozo_56_jpg.rf.884bb392c78b1cbbb02eb953f9c9b3a8.jpg,387,40,508,94,person
imgs/train/Prueba_1_22_06_rgb_copia_Flight_01_00046_trozo_56_jpg.rf.884bb392c78b1cbbb02eb953f9c9b3a8.jpg,387,83,500,139,person
imgs/train/Gabriel_Flight_01_00012_trozo_48_jpg.rf.87bc27d64f50b56e44775d7828161b58.jpg,18,332,62,381,person
imgs/train/Gabriel_Flight_01_00012_trozo_48_jpg.rf.87bc27d64f50b56e44775d7828161b58.jpg,67,329,109,385,person
imgs/train/Prueba_1_22_06_rgb_copia_Flight_01_00150_trozo_14_jpg.rf.84aadabc621fd12273838d3731dfeb08.jpg,615,368,671,432,person
imgs/train/Prueba_1_22_06_rgb_copia_Flight_01_00150_trozo_14_jpg.rf.84aadabc621fd12273838d3731dfeb08.jpg,686,431,740,499,person
imgs/train/Gabriel_Flight_01_00008_trozo_0_jpg.rf.86579de15c0063b647e04bad20e4806e.jpg,282,685,381,745,person
imgs/train/Gabriel_Flight_01_00008_trozo_0_jpg.rf.86579de15c0063b647e04bad20e4806e.jpg,587,468,647,504,person
imgs/train/Gabriel_Flight_01_00008_trozo_0_jpg.rf.86579de15c0063b647e04bad20e4806e.jpg,709,68,759,118,person
imgs/train/Prueba_1_22_06_rgb_copia_Flight_01_00150_trozo_12_jpg.rf.8d7528380b0cd2221d26e82760876bb3.jpg,19,344,98,430,person
imgs/train/Prueba_1_22_06_rgb_copia_Flight_01_00150_trozo_12_jpg.rf.8d7528380b0cd2221d26e82760876bb3.jpg,122,347,194,429,person
imgs/train/Prueba_1_22_06_rgb_copia_Flight_01_00150_trozo_12_jpg.rf.8d7528380b0cd2221d26e82760876bb3.jpg,326,32,414,113,person
imgs/train/Gabriel_Flight_01_00015_trozo_43_jpg.rf.8d7454f32e5d89288cb74e55c586de4e.jpg,404,164,459,217,person
imgs/train/Prueba_1_22_06_rgb_copia_Flight_01_00037_trozo_3_jpg.rf.93a37ef019adb6a0a72cdfbc49cd4afb.jpg,592,499,661,568,person
imgs/train/Prueba_1_22_06_rgb_copia_Flight_01_00037_trozo_3_jpg.rf.93a37ef019adb6a0a72cdfbc49cd4afb.jpg,647,458,694,514,person
imgs/train/Prueba_1_22_06_rgb_copia_Flight_01_00037_trozo_3_jpg.rf.93a37ef019adb6a0a72cdfbc49cd4afb.jpg,710,464,764,531,person
imgs/train/Prueba_1_22_06_rgb_copia_Flight_01_00037_trozo_3_jpg.rf.93a37ef019adb6a0a72cdfbc49cd4afb.jpg,678,544,736,584,person
imgs/train/Prueba_1_22_06_rgb_copia_Flight_01_00150_trozo_55_jpg.rf.8fe16aac99a2102e3677ede4dd735cd3.jpg,299,509,370,592,person
imgs/train/Prueba_1_22_06_rgb_copia_Flight_01_00082_trozo_31_jpg.rf.985c90bd20f498f7a7cf037a2d0a9b64.jpg,487,222,549,281,person
imgs/train/Prueba_1_22_06_rgb_copia_Flight_01_00082_trozo_31_jpg.rf.985c90bd20f498f7a7cf037a2d0a9b64.jpg,546,181,600,249,person
imgs/train/Prueba_1_22_06_rgb_copia_Flight_01_00082_trozo_31_jpg.rf.985c90bd20f498f7a7cf037a2d0a9b64.jpg,601,165,670,241,person
imgs/train/Gabriel_Flight_01_00015_trozo_13_jpg.rf.96352c1bc23cd6c0f1d3ab24a8f4f485.jpg,409,437,460,481,person
imgs/train/Gabriel_Flight_01_00015_trozo_13_jpg.rf.96352c1bc23cd6c0f1d3ab24a8f4f485.jpg,397,487,464,527,person
imgs/train/Gabriel_Flight_01_00015_trozo_13_jpg.rf.96352c1bc23cd6c0f1d3ab24a8f4f485.jpg,387,551,433,596,person
imgs/train/Gabriel_Flight_01_00015_trozo_13_jpg.rf.96352c1bc23cd6c0f1d3ab24a8f4f485.jpg,459,549,513,594,person
imgs/train/Gabriel_Flight_01_00015_trozo_13_jpg.rf.96352c1bc23cd6c0f1d3ab24a8f4f485.jpg,555,526,611,589,person
imgs/train/Prueba_1_22_06_rgb_copia_Flight_01_00105_trozo_39_jpg.rf.9d2e98a8f343ddb171c6ad138d215e61.jpg,32,188,122,257,person
imgs/train/Gabriel_Flight_01_00004_trozo_16_jpg.rf.9b7904c79ab649f6b02b5f623d3cc5c7.jpg,486,569,557,611,person
imgs/train/Gabriel_Flight_01_00010_trozo_42_jpg.rf.9ed19179a825dbe59788b9b827fd1d7b.jpg,147,101,178,148,person
imgs/train/Gabriel_Flight_01_00010_trozo_42_jpg.rf.9ed19179a825dbe59788b9b827fd1d7b.jpg,173,77,215,131,person
imgs/train/Gabriel_Flight_01_00005_trozo_25_jpg.rf.a098a6dba9e423d60d22ed89987dc998.jpg,447,601,503,648,person
imgs/train/Gabriel_Flight_01_00005_trozo_25_jpg.rf.a098a6dba9e423d60d22ed89987dc998.jpg,450,671,528,729,person
imgs/train/Gabriel_Flight_01_00006_trozo_36_jpg.rf.a2e353428e6802d0a9ef0b0108feab1e.jpg,582,41,645,103,person
imgs/train/Gabriel_Flight_01_00004_trozo_55_jpg.rf.a4b1f4e6cef1803f1f905462e0c0fc39.jpg,18,453,83,508,person
imgs/train/Gabriel_Flight_01_00006_trozo_35_jpg.rf.99d01baab1bf7dea5cb76f48120241c9.jpg,709,32,788,81,person
imgs/train/Gabriel_Flight_01_00007_trozo_19_jpg.rf.a2bc9a4eb2071bc185ca5f13fd88d748.jpg,346,729,414,784,person
imgs/train/Prueba_1_22_06_rgb_copia_Flight_01_00105_trozo_25_jpg.rf.93c68dbe8d1cd8f92f8e7b696ab51f89.jpg,531,481,585,539,person
imgs/train/Prueba_1_22_06_rgb_copia_Flight_01_00105_trozo_25_jpg.rf.93c68dbe8d1cd8f92f8e7b696ab51f89.jpg,522,423,582,486,person
imgs/train/Prueba_1_22_06_rgb_copia_Flight_01_00105_trozo_25_jpg.rf.93c68dbe8d1cd8f92f8e7b696ab51f89.jpg,533,531,600,584,person
imgs/train/Gabriel_Flight_01_00011_trozo_25_jpg.rf.a563076a2f4d675130b78f4e278c0a5e.jpg,667,3,705,48,person
imgs/train/Gabriel_Flight_01_00011_trozo_25_jpg.rf.a563076a2f4d675130b78f4e278c0a5e.jpg,701,28,734,70,person
imgs/train/Gabriel_Flight_01_00011_trozo_25_jpg.rf.a563076a2f4d675130b78f4e278c0a5e.jpg,714,6,754,37,person
imgs/train/Gabriel_Flight_01_00009_trozo_20_jpg.rf.a721709a6bf8ef9d3b7522c809d327be.jpg,163,399,255,448,person
imgs/train/Gabriel_Flight_01_00015_trozo_10_jpg.rf.a3b29786e6518c8a44015e0a68839c92.jpg,536,187,598,234,person
imgs/train/Gabriel_Flight_01_00015_trozo_10_jpg.rf.a3b29786e6518c8a44015e0a68839c92.jpg,608,158,679,209,person
imgs/train/Gabriel_Flight_01_00015_trozo_10_jpg.rf.a3b29786e6518c8a44015e0a68839c92.jpg,636,203,717,249,person
imgs/train/Gabriel_Flight_01_00012_trozo_18_jpg.rf.a919ab35d55506d040750e51a677d2a5.jpg,10,447,74,503,person
imgs/train/Gabriel_Flight_01_00012_trozo_18_jpg.rf.a919ab35d55506d040750e51a677d2a5.jpg,53,345,116,405,person
imgs/train/Gabriel_Flight_01_00012_trozo_18_jpg.rf.a919ab35d55506d040750e51a677d2a5.jpg,215,304,280,358,person
imgs/train/Gabriel_Flight_01_00012_trozo_18_jpg.rf.a919ab35d55506d040750e51a677d2a5.jpg,188,381,265,444,person
imgs/train/Gabriel_Flight_01_00012_trozo_18_jpg.rf.a919ab35d55506d040750e51a677d2a5.jpg,228,524,306,580,person
imgs/train/Gabriel_Flight_01_00012_trozo_18_jpg.rf.a919ab35d55506d040750e51a677d2a5.jpg,359,268,433,335,person
imgs/train/Gabriel_Flight_01_00012_trozo_18_jpg.rf.a919ab35d55506d040750e51a677d2a5.jpg,382,368,454,424,person
imgs/train/Gabriel_Flight_01_00003_trozo_20_jpg.rf.a85aae4adff5fe38a257d20b88a47062.jpg,435,544,507,591,person
imgs/train/Gabriel_Flight_01_00003_trozo_20_jpg.rf.a85aae4adff5fe38a257d20b88a47062.jpg,378,427,447,481,person
imgs/train/Gabriel_Flight_01_00003_trozo_20_jpg.rf.a85aae4adff5fe38a257d20b88a47062.jpg,412,364,470,414,person
imgs/train/Gabriel_Flight_01_00003_trozo_20_jpg.rf.a85aae4adff5fe38a257d20b88a47062.jpg,473,355,555,399,person
imgs/train/Gabriel_Flight_01_00003_trozo_20_jpg.rf.a85aae4adff5fe38a257d20b88a47062.jpg,518,421,592,468,person
imgs/train/Prueba_1_22_06_rgb_copia_Flight_01_00037_trozo_11_jpg.rf.91d37cd3d46ad709a61218a6c71d90c6.jpg,397,222,497,267,person
imgs/train/Prueba_1_22_06_rgb_copia_Flight_01_00037_trozo_11_jpg.rf.91d37cd3d46ad709a61218a6c71d90c6.jpg,401,264,509,309,person
imgs/train/Gabriel_Flight_01_00007_trozo_55_jpg.rf.ab1095e96aebb609a218291ac33d94c5.jpg,91,90,138,145,person
imgs/train/Prueba_1_22_06_rgb_copia_Flight_01_00030_trozo_32_jpg.rf.aa11b47b6f98531333eff06b41e21051.jpg,360,224,418,292,person
imgs/train/Prueba_1_22_06_rgb_copia_Flight_01_00030_trozo_32_jpg.rf.aa11b47b6f98531333eff06b41e21051.jpg,424,242,477,309,person
imgs/train/Prueba_1_22_06_rgb_copia_Flight_01_00030_trozo_32_jpg.rf.aa11b47b6f98531333eff06b41e21051.jpg,458,186,520,244,person
imgs/train/Prueba_1_22_06_rgb_copia_Flight_01_00030_trozo_32_jpg.rf.aa11b47b6f98531333eff06b41e21051.jpg,615,287,679,360,person
imgs/train/Gabriel_Flight_01_00002_trozo_48_jpg.rf.afd0cc7bf236969e3018505f8e0019bc.jpg,509,733,583,793,person
imgs/train/Gabriel_Flight_01_00011_trozo_48_jpg.rf.ae1b0059cb02a842e44a6d3a15fe19ba.jpg,419,138,497,192,person
imgs/train/Gabriel_Flight_01_00013_trozo_49_jpg.rf.ad06de7b7ac809840eb56a219a08f003.jpg,643,114,711,173,person
imgs/train/Prueba_1_22_06_rgb_copia_Flight_01_00156_trozo_40_jpg.rf.b07b9f86b59072931a8b170a9ae7eadb.jpg,474,42,555,115,person
imgs/train/Prueba_1_22_06_rgb_copia_Flight_01_00156_trozo_40_jpg.rf.b07b9f86b59072931a8b170a9ae7eadb.jpg,660,97,739,170,person
imgs/train/Prueba_1_22_06_rgb_copia_Flight_01_00156_trozo_40_jpg.rf.b07b9f86b59072931a8b170a9ae7eadb.jpg,756,145,797,223,person
imgs/train/Gabriel_Flight_01_00005_trozo_46_jpg.rf.aec0304f6fde821ccb8565ed06438a38.jpg,192,142,280,196,person
imgs/train/Gabriel_Flight_01_00004_trozo_6_jpg.rf.b3828251e88793e8623698afb434f95e.jpg,504,86,569,140,person
imgs/train/Gabriel_Flight_01_00004_trozo_6_jpg.rf.b3828251e88793e8623698afb434f95e.jpg,500,168,562,239,person
imgs/train/Gabriel_Flight_01_00004_trozo_49_jpg.rf.b3abffdf2509dc0ec99177b768bd3339.jpg,621,732,702,796,person
imgs/train/Gabriel_Flight_01_00002_trozo_8_jpg.rf.b897d693e0a3035e4755a514c516074a.jpg,429,449,488,503,person
imgs/train/Gabriel_Flight_01_00002_trozo_8_jpg.rf.b897d693e0a3035e4755a514c516074a.jpg,367,526,427,590,person
imgs/train/Gabriel_Flight_01_00002_trozo_8_jpg.rf.b897d693e0a3035e4755a514c516074a.jpg,435,521,485,571,person
imgs/train/Gabriel_Flight_01_00002_trozo_49_jpg.rf.b8eb5dca8aa13ba18b24991aceae2c2a.jpg,698,439,751,497,person
imgs/train/Gabriel_Flight_01_00013_trozo_28_jpg.rf.b9228bf01f18b4fd5526249e834b8e5c.jpg,186,27,254,89,person
imgs/train/Gabriel_Flight_01_00013_trozo_28_jpg.rf.b9228bf01f18b4fd5526249e834b8e5c.jpg,250,4,305,46,person
imgs/train/Gabriel_Flight_01_00013_trozo_28_jpg.rf.b9228bf01f18b4fd5526249e834b8e5c.jpg,219,132,266,182,person
imgs/train/Gabriel_Flight_01_00013_trozo_28_jpg.rf.b9228bf01f18b4fd5526249e834b8e5c.jpg,205,253,258,312,person
imgs/train/Gabriel_Flight_01_00013_trozo_28_jpg.rf.b9228bf01f18b4fd5526249e834b8e5c.jpg,587,632,642,681,person
imgs/train/Gabriel_Flight_01_00013_trozo_28_jpg.rf.b9228bf01f18b4fd5526249e834b8e5c.jpg,565,719,638,760,person
imgs/train/Gabriel_Flight_01_00013_trozo_28_jpg.rf.b9228bf01f18b4fd5526249e834b8e5c.jpg,746,558,797,600,person
imgs/train/Gabriel_Flight_01_00013_trozo_28_jpg.rf.b9228bf01f18b4fd5526249e834b8e5c.jpg,731,647,798,705,person
imgs/train/Gabriel_Flight_01_00002_trozo_45_jpg.rf.bb2e7b8cee3b74578756834f1744e71c.jpg,594,541,648,610,person
imgs/train/Gabriel_Flight_01_00002_trozo_45_jpg.rf.bb2e7b8cee3b74578756834f1744e71c.jpg,653,540,713,618,person
imgs/train/Prueba_1_22_06_rgb_copia_Flight_01_00037_trozo_14_jpg.rf.c34a81c88b241be1e552c18665cecb70.jpg,274,605,334,661,person
imgs/train/Prueba_1_22_06_rgb_copia_Flight_01_00037_trozo_14_jpg.rf.c34a81c88b241be1e552c18665cecb70.jpg,338,603,389,667,person
imgs/train/Prueba_1_22_06_rgb_copia_Flight_01_00037_trozo_14_jpg.rf.c34a81c88b241be1e552c18665cecb70.jpg,368,655,417,717,person
imgs/train/Prueba_1_22_06_rgb_copia_Flight_01_00037_trozo_14_jpg.rf.c34a81c88b241be1e552c18665cecb70.jpg,264,699,311,750,person
imgs/train/Prueba_1_22_06_rgb_copia_Flight_01_00037_trozo_14_jpg.rf.c34a81c88b241be1e552c18665cecb70.jpg,326,708,371,757,person
imgs/train/Prueba_1_22_06_rgb_copia_Flight_01_00037_trozo_14_jpg.rf.c34a81c88b241be1e552c18665cecb70.jpg,351,754,420,799,person
imgs/train/Prueba_1_22_06_rgb_copia_Flight_01_00150_trozo_13_jpg.rf.c34bd8ecc2b91e7636681405a26ef742.jpg,1,79,41,151,person
imgs/train/Gabriel_Flight_01_00004_trozo_59_jpg.rf.b990a77427d989510439008d46d7bab8.jpg,561,1,616,60,person
imgs/train/Gabriel_Flight_01_00004_trozo_59_jpg.rf.b990a77427d989510439008d46d7bab8.jpg,660,18,723,87,person
imgs/train/Prueba_1_22_06_rgb_copia_Flight_01_00082_trozo_10_jpg.rf.c5647abf1339735610a40f1fb8e790bc.jpg,644,358,718,418,person
imgs/train/Prueba_1_22_06_rgb_copia_Flight_01_00082_trozo_10_jpg.rf.c5647abf1339735610a40f1fb8e790bc.jpg,644,428,739,501,person
imgs/train/Gabriel_Flight_01_00005_trozo_41_jpg.rf.cce5e8e444e6a4a1704ff3fee799ec79.jpg,560,617,659,654,person
imgs/train/Gabriel_Flight_01_00005_trozo_41_jpg.rf.cce5e8e444e6a4a1704ff3fee799ec79.jpg,22,717,73,750,person
imgs/train/Prueba_1_22_06_rgb_copia_Flight_01_00156_trozo_42_jpg.rf.c35ea4e1d834741e1f300bdf67aaa823.jpg,490,58,557,121,person
imgs/train/Prueba_1_22_06_rgb_copia_Flight_01_00156_trozo_31_jpg.rf.cbed228d9ff0cd0f679e022338126f27.jpg,373,253,447,298,person
imgs/train/Prueba_1_22_06_rgb_copia_Flight_01_00156_trozo_31_jpg.rf.cbed228d9ff0cd0f679e022338126f27.jpg,431,312,505,380,person
imgs/train/Prueba_1_22_06_rgb_copia_Flight_01_00156_trozo_31_jpg.rf.cbed228d9ff0cd0f679e022338126f27.jpg,322,458,413,523,person
imgs/train/Prueba_1_22_06_rgb_copia_Flight_01_00156_trozo_31_jpg.rf.cbed228d9ff0cd0f679e022338126f27.jpg,209,713,295,781,person
imgs/train/Gabriel_Flight_01_00003_trozo_57_jpg.rf.cf7efb26415ce6c16623133877b6d4b7.jpg,210,159,286,242,person
imgs/train/Gabriel_Flight_01_00007_trozo_28_jpg.rf.d187e4fe92ccba14de6a266e4dc1479a.jpg,283,514,351,582,person
imgs/train/Gabriel_Flight_01_00007_trozo_28_jpg.rf.d187e4fe92ccba14de6a266e4dc1479a.jpg,341,727,403,787,person
imgs/train/Prueba_1_22_06_rgb_copia_Flight_01_00046_trozo_11_jpg.rf.d1e8b335086e0c53f564f1d9f3056872.jpg,218,494,295,540,person
imgs/train/Prueba_1_22_06_rgb_copia_Flight_01_00046_trozo_11_jpg.rf.d1e8b335086e0c53f564f1d9f3056872.jpg,509,519,591,592,person
imgs/train/Gabriel_Flight_01_00015_trozo_23_jpg.rf.ce37d9db5aa94e94838fba6d45456ef1.jpg,504,676,557,732,person
imgs/train/Gabriel_Flight_01_00015_trozo_23_jpg.rf.ce37d9db5aa94e94838fba6d45456ef1.jpg,610,715,664,780,person
imgs/train/Prueba_1_22_06_rgb_copia_Flight_01_00050_trozo_52_jpg.rf.d4f2a265a349191b3cd3910a103aa0de.jpg,147,47,223,118,person
imgs/train/Gabriel_Flight_01_00009_trozo_55_jpg.rf.d736d2ae1cf20d2bf5fb89907733d65f.jpg,318,351,372,406,person
imgs/train/Gabriel_Flight_01_00009_trozo_55_jpg.rf.d736d2ae1cf20d2bf5fb89907733d65f.jpg,379,396,423,456,person
imgs/train/Gabriel_Flight_01_00009_trozo_55_jpg.rf.d736d2ae1cf20d2bf5fb89907733d65f.jpg,426,368,477,405,person
imgs/train/Gabriel_Flight_01_00009_trozo_55_jpg.rf.d736d2ae1cf20d2bf5fb89907733d65f.jpg,450,412,505,449,person
imgs/train/Gabriel_Flight_01_00009_trozo_55_jpg.rf.d736d2ae1cf20d2bf5fb89907733d65f.jpg,445,323,526,373,person
imgs/train/Gabriel_Flight_01_00009_trozo_55_jpg.rf.d736d2ae1cf20d2bf5fb89907733d65f.jpg,404,209,473,265,person
imgs/train/Gabriel_Flight_01_00009_trozo_55_jpg.rf.d736d2ae1cf20d2bf5fb89907733d65f.jpg,444,118,500,178,person
imgs/train/Gabriel_Flight_01_00008_trozo_24_jpg.rf.d83305e732dc03e9c2836c8ba20b9410.jpg,654,318,717,376,person
imgs/train/Gabriel_Flight_01_00008_trozo_24_jpg.rf.d83305e732dc03e9c2836c8ba20b9410.jpg,724,479,778,523,person
imgs/train/Gabriel_Flight_01_00008_trozo_24_jpg.rf.d83305e732dc03e9c2836c8ba20b9410.jpg,760,550,795,595,person
imgs/train/Prueba_1_22_06_rgb_copia_Flight_01_00105_trozo_18_jpg.rf.d83957314788a2df650b0c56684fe16a.jpg,3,128,49,206,person
imgs/train/Prueba_1_22_06_rgb_copia_Flight_01_00105_trozo_18_jpg.rf.d83957314788a2df650b0c56684fe16a.jpg,74,131,169,191,person
imgs/train/Prueba_1_22_06_rgb_copia_Flight_01_00105_trozo_18_jpg.rf.d83957314788a2df650b0c56684fe16a.jpg,401,273,482,344,person
imgs/train/Prueba_1_22_06_rgb_copia_Flight_01_00156_trozo_21_jpg.rf.db3e9883a476784faea061409c63fb68.jpg,167,667,250,726,person
imgs/train/Prueba_1_22_06_rgb_copia_Flight_01_00156_trozo_21_jpg.rf.db3e9883a476784faea061409c63fb68.jpg,715,424,792,503,person
imgs/train/Prueba_1_22_06_rgb_copia_Flight_01_00050_trozo_32_jpg.rf.d83cad889c9f1d4778fb62671392b527.jpg,683,504,742,577,person
imgs/train/Prueba_1_22_06_rgb_copia_Flight_01_00050_trozo_32_jpg.rf.d83cad889c9f1d4778fb62671392b527.jpg,754,504,798,557,person
imgs/train/Prueba_1_22_06_rgb_copia_Flight_01_00150_trozo_52_jpg.rf.ddb6d4939cf63127420c02d8263b1d64.jpg,390,574,449,636,person
imgs/train/Prueba_1_22_06_rgb_copia_Flight_01_00150_trozo_52_jpg.rf.ddb6d4939cf63127420c02d8263b1d64.jpg,417,627,490,689,person
imgs/train/Gabriel_Flight_01_00012_trozo_47_jpg.rf.df2f91aba5a347b8f3f4e8cabdb35b09.jpg,54,173,107,211,person
imgs/train/Gabriel_Flight_01_00012_trozo_47_jpg.rf.df2f91aba5a347b8f3f4e8cabdb35b09.jpg,190,237,261,292,person
imgs/train/Gabriel_Flight_01_00012_trozo_47_jpg.rf.df2f91aba5a347b8f3f4e8cabdb35b09.jpg,13,418,54,455,person
imgs/train/Gabriel_Flight_01_00012_trozo_47_jpg.rf.df2f91aba5a347b8f3f4e8cabdb35b09.jpg,0,440,32,480,person
imgs/train/Gabriel_Flight_01_00003_trozo_26_jpg.rf.e5d63801bec44159443bf64c91a54d29.jpg,274,567,341,629,person
imgs/train/Gabriel_Flight_01_00003_trozo_26_jpg.rf.e5d63801bec44159443bf64c91a54d29.jpg,218,641,281,699,person
imgs/train/Gabriel_Flight_01_00003_trozo_26_jpg.rf.e5d63801bec44159443bf64c91a54d29.jpg,287,642,354,701,person
imgs/train/Prueba_1_22_06_rgb_copia_Flight_01_00105_trozo_8_jpg.rf.de89c14e74684cec06167b3363994dde.jpg,362,759,422,799,person
imgs/train/Prueba_1_22_06_rgb_copia_Flight_01_00003_trozo_23_jpg.rf.e49edc841e28e7a4837200d34028e1ea.jpg,387,651,459,707,person
imgs/train/Gabriel_Flight_01_00004_trozo_44_jpg.rf.e1d8fcd54cdd4446472be550f3d468ef.jpg,104,506,175,547,person
imgs/train/Gabriel_Flight_01_00004_trozo_44_jpg.rf.e1d8fcd54cdd4446472be550f3d468ef.jpg,49,455,128,497,person
imgs/train/Gabriel_Flight_01_00004_trozo_44_jpg.rf.e1d8fcd54cdd4446472be550f3d468ef.jpg,8,494,68,535,person
imgs/train/Gabriel_Flight_01_00004_trozo_44_jpg.rf.e1d8fcd54cdd4446472be550f3d468ef.jpg,14,617,87,666,person
imgs/train/Prueba_1_22_06_rgb_copia_Flight_01_00156_trozo_17_jpg.rf.e1546d2576ed9ede29c1c35eeb65d7f7.jpg,256,81,359,154,person
imgs/train/Gabriel_Flight_01_00009_trozo_51_jpg.rf.e78c15a3ef855edeaf3a44930aa21971.jpg,9,612,90,674,person
imgs/train/Gabriel_Flight_01_00009_trozo_51_jpg.rf.e78c15a3ef855edeaf3a44930aa21971.jpg,86,683,162,742,person
imgs/train/Gabriel_Flight_01_00006_trozo_9_jpg.rf.db9e46d944d2be2ce9840c0384c9ea37.jpg,128,468,202,532,person
imgs/train/Gabriel_Flight_01_00014_trozo_4_jpg.rf.e885a3170ab88cc698a8ea467a64d9b6.jpg,224,5,279,55,person
imgs/train/Gabriel_Flight_01_00014_trozo_4_jpg.rf.e885a3170ab88cc698a8ea467a64d9b6.jpg,708,115,755,165,person
imgs/train/Gabriel_Flight_01_00014_trozo_4_jpg.rf.e885a3170ab88cc698a8ea467a64d9b6.jpg,8,745,58,795,person
imgs/train/Gabriel_Flight_01_00008_trozo_30_jpg.rf.e6252dadab4bc9695f717135ac77eeb3.jpg,231,662,340,709,person
imgs/train/Gabriel_Flight_01_00013_trozo_30_jpg.rf.eca19c20c74ca754a45921fca2843d89.jpg,464,356,535,406,person
imgs/train/Gabriel_Flight_01_00013_trozo_30_jpg.rf.eca19c20c74ca754a45921fca2843d89.jpg,487,509,547,542,person
imgs/train/Gabriel_Flight_01_00013_trozo_30_jpg.rf.eca19c20c74ca754a45921fca2843d89.jpg,441,509,488,551,person
imgs/train/Gabriel_Flight_01_00013_trozo_30_jpg.rf.eca19c20c74ca754a45921fca2843d89.jpg,469,555,542,596,person
imgs/train/Gabriel_Flight_01_00013_trozo_30_jpg.rf.eca19c20c74ca754a45921fca2843d89.jpg,454,632,495,673,person
imgs/train/Gabriel_Flight_01_00013_trozo_30_jpg.rf.eca19c20c74ca754a45921fca2843d89.jpg,494,631,556,687,person
imgs/train/Gabriel_Flight_01_00013_trozo_30_jpg.rf.eca19c20c74ca754a45921fca2843d89.jpg,477,709,549,760,person
imgs/train/Gabriel_Flight_01_00004_trozo_1_jpg.rf.e67dcba9b505664cb6b0ec979463a5ca.jpg,94,397,185,443,person
imgs/train/Gabriel_Flight_01_00004_trozo_1_jpg.rf.e67dcba9b505664cb6b0ec979463a5ca.jpg,13,437,100,487,person
imgs/train/Gabriel_Flight_01_00004_trozo_1_jpg.rf.e67dcba9b505664cb6b0ec979463a5ca.jpg,13,504,82,548,person
imgs/train/Gabriel_Flight_01_00014_trozo_57_jpg.rf.ea2b43020e5e0d6c0386a1a6f0c5df2b.jpg,517,453,571,535,person
imgs/train/Gabriel_Flight_01_00014_trozo_57_jpg.rf.ea2b43020e5e0d6c0386a1a6f0c5df2b.jpg,563,542,616,607,person
imgs/train/Gabriel_Flight_01_00014_trozo_57_jpg.rf.ea2b43020e5e0d6c0386a1a6f0c5df2b.jpg,592,104,654,163,person
imgs/train/Gabriel_Flight_01_00014_trozo_57_jpg.rf.ea2b43020e5e0d6c0386a1a6f0c5df2b.jpg,587,1,641,48,person
imgs/train/Gabriel_Flight_01_00014_trozo_23_jpg.rf.eec3e8282bbe9b02dda075589e3ed747.jpg,200,195,251,242,person
imgs/train/Gabriel_Flight_01_00014_trozo_13_jpg.rf.ee9658d142d55ee13e5726e5faf4eb42.jpg,218,494,280,540,person
imgs/train/Gabriel_Flight_01_00014_trozo_13_jpg.rf.ee9658d142d55ee13e5726e5faf4eb42.jpg,441,6,505,61,person
imgs/train/Gabriel_Flight_01_00004_trozo_0_jpg.rf.f0e4960969d031d7a7f0b57e143d77ff.jpg,690,463,772,513,person
imgs/train/Gabriel_Flight_01_00004_trozo_0_jpg.rf.f0e4960969d031d7a7f0b57e143d77ff.jpg,697,733,742,775,person
imgs/train/Gabriel_Flight_01_00004_trozo_0_jpg.rf.f0e4960969d031d7a7f0b57e143d77ff.jpg,708,709,777,764,person
imgs/train/Gabriel_Flight_01_00012_trozo_7_jpg.rf.f0a56398240fb143953665abfc046c55.jpg,674,367,725,427,person
imgs/train/Gabriel_Flight_01_00012_trozo_7_jpg.rf.f0a56398240fb143953665abfc046c55.jpg,672,417,730,464,person
imgs/train/Gabriel_Flight_01_00012_trozo_7_jpg.rf.f0a56398240fb143953665abfc046c55.jpg,600,472,649,528,person
imgs/train/Gabriel_Flight_01_00012_trozo_7_jpg.rf.f0a56398240fb143953665abfc046c55.jpg,541,503,595,565,person
imgs/train/Gabriel_Flight_01_00012_trozo_7_jpg.rf.f0a56398240fb143953665abfc046c55.jpg,550,618,600,667,person
imgs/train/Gabriel_Flight_01_00012_trozo_7_jpg.rf.f0a56398240fb143953665abfc046c55.jpg,547,667,592,730,person
imgs/train/Prueba_1_22_06_rgb_copia_Flight_01_00003_trozo_24_jpg.rf.f4ecc422c7e29add90f84c02e2f4b4a3.jpg,210,106,260,174,person
imgs/train/Prueba_1_22_06_rgb_copia_Flight_01_00003_trozo_24_jpg.rf.f4ecc422c7e29add90f84c02e2f4b4a3.jpg,260,112,302,165,person
imgs/train/Prueba_1_22_06_rgb_copia_Flight_01_00150_trozo_3_jpg.rf.f8be94f723b3ac4ba64487783bef4cfa.jpg,18,51,73,107,person
imgs/train/Prueba_1_22_06_rgb_copia_Flight_01_00150_trozo_3_jpg.rf.f8be94f723b3ac4ba64487783bef4cfa.jpg,83,68,130,133,person
imgs/train/Prueba_1_22_06_rgb_copia_Flight_01_00150_trozo_3_jpg.rf.f8be94f723b3ac4ba64487783bef4cfa.jpg,145,82,172,128,person
imgs/train/Prueba_1_22_06_rgb_copia_Flight_01_00150_trozo_3_jpg.rf.f8be94f723b3ac4ba64487783bef4cfa.jpg,177,109,218,171,person
imgs/train/Prueba_1_22_06_rgb_copia_Flight_01_00150_trozo_3_jpg.rf.f8be94f723b3ac4ba64487783bef4cfa.jpg,221,114,249,187,person
imgs/train/Prueba_1_22_06_rgb_copia_Flight_01_00150_trozo_3_jpg.rf.f8be94f723b3ac4ba64487783bef4cfa.jpg,245,145,290,195,person
imgs/train/Prueba_1_22_06_rgb_copia_Flight_01_00150_trozo_3_jpg.rf.f8be94f723b3ac4ba64487783bef4cfa.jpg,290,155,346,223,person
imgs/train/Prueba_1_22_06_rgb_copia_Flight_01_00150_trozo_3_jpg.rf.f8be94f723b3ac4ba64487783bef4cfa.jpg,362,196,408,263,person
imgs/train/Prueba_1_22_06_rgb_copia_Flight_01_00150_trozo_3_jpg.rf.f8be94f723b3ac4ba64487783bef4cfa.jpg,487,315,536,396,person
imgs/train/Prueba_1_22_06_rgb_copia_Flight_01_00150_trozo_3_jpg.rf.f8be94f723b3ac4ba64487783bef4cfa.jpg,558,350,602,414,person
imgs/train/Prueba_1_22_06_rgb_copia_Flight_01_00150_trozo_3_jpg.rf.f8be94f723b3ac4ba64487783bef4cfa.jpg,577,315,626,373,person
imgs/train/Prueba_1_22_06_rgb_copia_Flight_01_00150_trozo_3_jpg.rf.f8be94f723b3ac4ba64487783bef4cfa.jpg,664,396,736,468,person
imgs/train/Prueba_1_22_06_rgb_copia_Flight_01_00150_trozo_3_jpg.rf.f8be94f723b3ac4ba64487783bef4cfa.jpg,423,203,458,272,person
imgs/train/Prueba_1_22_06_rgb_copia_Flight_01_00150_trozo_3_jpg.rf.f8be94f723b3ac4ba64487783bef4cfa.jpg,456,245,494,294,person
imgs/train/Prueba_1_22_06_rgb_copia_Flight_01_00150_trozo_3_jpg.rf.f8be94f723b3ac4ba64487783bef4cfa.jpg,503,253,539,303,person
imgs/train/Gabriel_Flight_01_00013_trozo_18_jpg.rf.fbcbb40ad7f93bbea061f860e82ec6a9.jpg,304,714,346,749,person
imgs/train/Gabriel_Flight_01_00013_trozo_18_jpg.rf.fbcbb40ad7f93bbea061f860e82ec6a9.jpg,353,729,403,775,person
imgs/train/Prueba_1_22_06_rgb_copia_Flight_01_00046_trozo_18_jpg.rf.fa6c1a61ebee5e17e8c511d3680ca2d0.jpg,669,223,725,267,person
imgs/train/Prueba_1_22_06_rgb_copia_Flight_01_00046_trozo_18_jpg.rf.fa6c1a61ebee5e17e8c511d3680ca2d0.jpg,642,263,702,309,person
imgs/train/Prueba_1_22_06_rgb_copia_Flight_01_00030_trozo_22_jpg.rf.fe3654f2273012f95b4f27a43f594142.jpg,3,8,44,73,person
imgs/train/Prueba_1_22_06_rgb_copia_Flight_01_00030_trozo_22_jpg.rf.fe3654f2273012f95b4f27a43f594142.jpg,122,137,194,200,person
imgs/train/Gabriel_Flight_01_00007_trozo_15_jpg.rf.fec9ee15d0ea663fba4ac4f7b86b675d.jpg,182,179,231,242,person
imgs/train/Gabriel_Flight_01_00007_trozo_15_jpg.rf.fec9ee15d0ea663fba4ac4f7b86b675d.jpg,245,181,273,232,person
imgs/train/Gabriel_Flight_01_00007_trozo_15_jpg.rf.fec9ee15d0ea663fba4ac4f7b86b675d.jpg,295,114,372,160,person
imgs/train/Gabriel_Flight_01_00007_trozo_15_jpg.rf.fec9ee15d0ea663fba4ac4f7b86b675d.jpg,273,165,331,206,person
imgs/train/Prueba_1_22_06_rgb_copia_Flight_01_00046_trozo_30_jpg.rf.fe177aa16a89cede16605dce97b72092.jpg,562,504,656,560,person
imgs/train/Gabriel_Flight_01_00007_trozo_53_jpg.rf.fc3ae6c3f5655ea2cad0e16a6e4f1a9b.jpg,90,729,162,788,person
