imgs-400/train/arbolitos_400_Flight_01_00004_trozo_47_jpg.rf.e94550ddbe01304b69ca995e7b517b78.jpg,210,651,242,694,person
imgs-400/train/arbolitos_400_Flight_01_00004_trozo_47_jpg.rf.e94550ddbe01304b69ca995e7b517b78.jpg,294,574,331,614,person
imgs-400/train/arbolitos_400_Flight_01_00017_trozo_3_jpg.rf.dc31e672d7cb5901fee61a0d150774d6.jpg,372,80,401,126,person
imgs-400/train/arbolitos_400_Flight_01_00017_trozo_3_jpg.rf.dc31e672d7cb5901fee61a0d150774d6.jpg,396,98,421,132,person
imgs-400/train/arbolitos_400_Flight_01_00017_trozo_3_jpg.rf.dc31e672d7cb5901fee61a0d150774d6.jpg,150,667,181,704,person
imgs-400/train/arbolitos_400_Flight_01_00020_trozo_24_jpg.rf.d4e16dca7c8e764432a0804c1006a56f.jpg,328,270,356,302,person
imgs-400/train/arbolitos_400_Flight_01_00020_trozo_24_jpg.rf.d4e16dca7c8e764432a0804c1006a56f.jpg,565,346,602,375,person
imgs-400/train/arbolitos_400_Flight_01_00020_trozo_24_jpg.rf.d4e16dca7c8e764432a0804c1006a56f.jpg,641,324,672,343,person
imgs-400/train/arbolitos_400_Flight_01_00020_trozo_24_jpg.rf.d4e16dca7c8e764432a0804c1006a56f.jpg,649,340,683,366,person
imgs-400/train/arbolitos_400_Flight_01_00020_trozo_24_jpg.rf.d4e16dca7c8e764432a0804c1006a56f.jpg,677,338,709,361,person
imgs-400/train/arbolitos_400_Flight_01_00005_trozo_55_jpg.rf.ef6194fe17ae3838d6c9ec3e67293ae8.jpg,617,668,647,710,person
imgs-400/train/arbolitos_400_Flight_01_00012_trozo_27_jpg.rf.db04c3836990a8bc9963eb31fe87f0a6.jpg,458,479,494,514,person
imgs-400/train/arbolitos_400_Flight_01_00012_trozo_27_jpg.rf.db04c3836990a8bc9963eb31fe87f0a6.jpg,85,195,107,224,person
imgs-400/train/arbolitos_400_Flight_01_00012_trozo_27_jpg.rf.db04c3836990a8bc9963eb31fe87f0a6.jpg,78,215,112,246,person
imgs-400/train/arbolitos_400_Flight_01_00012_trozo_27_jpg.rf.db04c3836990a8bc9963eb31fe87f0a6.jpg,55,189,74,219,person
imgs-400/train/arbolitos_400_Flight_01_00012_trozo_27_jpg.rf.db04c3836990a8bc9963eb31fe87f0a6.jpg,39,225,63,247,person
imgs-400/train/arbolitos_400_Flight_01_00012_trozo_27_jpg.rf.db04c3836990a8bc9963eb31fe87f0a6.jpg,35,195,52,221,person
imgs-400/train/arbolitos_400_Flight_01_00012_trozo_27_jpg.rf.db04c3836990a8bc9963eb31fe87f0a6.jpg,548,512,577,541,person
imgs-400/train/arbolitos_400_Flight_01_00012_trozo_27_jpg.rf.db04c3836990a8bc9963eb31fe87f0a6.jpg,513,542,539,576,person
imgs-400/train/arbolitos_400_Flight_01_00012_trozo_27_jpg.rf.db04c3836990a8bc9963eb31fe87f0a6.jpg,525,579,556,613,person
imgs-400/train/arbolitos_400_Flight_01_00012_trozo_27_jpg.rf.db04c3836990a8bc9963eb31fe87f0a6.jpg,603,594,641,635,person
imgs-400/train/arbolitos_400_Flight_01_00012_trozo_27_jpg.rf.db04c3836990a8bc9963eb31fe87f0a6.jpg,524,688,559,722,person
imgs-400/train/arbolitos_400_Flight_01_00012_trozo_27_jpg.rf.db04c3836990a8bc9963eb31fe87f0a6.jpg,406,661,441,699,person
imgs-400/train/arbolitos_400_Flight_01_00012_trozo_27_jpg.rf.db04c3836990a8bc9963eb31fe87f0a6.jpg,711,58,740,89,person
imgs-400/train/arbolitos_400_Flight_01_00012_trozo_27_jpg.rf.db04c3836990a8bc9963eb31fe87f0a6.jpg,746,111,778,145,person
imgs-400/train/arbolitos_400_Flight_01_00013_trozo_32_jpg.rf.d7c017f675fd99872a74da02341f1abf.jpg,293,175,329,204,person
imgs-400/train/arbolitos_400_Flight_01_00013_trozo_32_jpg.rf.d7c017f675fd99872a74da02341f1abf.jpg,329,218,363,246,person
imgs-400/train/arbolitos_400_Flight_01_00013_trozo_32_jpg.rf.d7c017f675fd99872a74da02341f1abf.jpg,771,269,795,311,person
imgs-400/train/arbolitos_400_Flight_01_00013_trozo_35_jpg.rf.ec6571fe9aeb876343f920245539faf5.jpg,48,273,77,304,person
imgs-400/train/arbolitos_400_Flight_01_00013_trozo_35_jpg.rf.ec6571fe9aeb876343f920245539faf5.jpg,83,353,111,382,person
imgs-400/train/arbolitos_400_Flight_01_00013_trozo_35_jpg.rf.ec6571fe9aeb876343f920245539faf5.jpg,5,347,36,385,person
imgs-400/train/arbolitos_400_Flight_01_00013_trozo_35_jpg.rf.ec6571fe9aeb876343f920245539faf5.jpg,112,482,143,519,person
imgs-400/train/arbolitos_400_Flight_01_00007_trozo_27_jpg.rf.e77f1372548921cb4ba3235ed9fed5ed.jpg,31,382,65,416,person
imgs-400/train/arbolitos_400_Flight_01_00005_trozo_29_jpg.rf.f209c4c84e687122abdc358df995325f.jpg,313,202,349,234,person
imgs-400/train/arbolitos_400_Flight_01_00005_trozo_29_jpg.rf.f209c4c84e687122abdc358df995325f.jpg,382,347,413,383,person
imgs-400/train/arbolitos_400_Flight_01_00005_trozo_29_jpg.rf.f209c4c84e687122abdc358df995325f.jpg,429,323,466,353,person
imgs-400/train/arbolitos_400_Flight_01_00017_trozo_54_jpg.rf.d674a1124d5b18f095869cd08870f7df.jpg,8,665,42,703,person
imgs-400/train/arbolitos_400_Flight_01_00003_trozo_38_jpg.rf.d8177d494a64a26e1ee7a52957253e56.jpg,223,753,261,794,person
imgs-400/train/arbolitos_400_Flight_01_00010_trozo_6_jpg.rf.ea3dfa20f1e6001c51315fb705524890.jpg,520,333,557,369,person
imgs-400/train/arbolitos_400_Flight_01_00010_trozo_6_jpg.rf.ea3dfa20f1e6001c51315fb705524890.jpg,537,116,574,152,person
imgs-400/train/arbolitos_400_Flight_01_00010_trozo_6_jpg.rf.ea3dfa20f1e6001c51315fb705524890.jpg,562,70,585,109,person
imgs-400/train/arbolitos_400_Flight_01_00010_trozo_6_jpg.rf.ea3dfa20f1e6001c51315fb705524890.jpg,542,75,564,110,person
imgs-400/train/arbolitos_400_Flight_01_00010_trozo_6_jpg.rf.ea3dfa20f1e6001c51315fb705524890.jpg,659,351,684,379,person
imgs-400/train/arbolitos_400_Flight_01_00010_trozo_6_jpg.rf.ea3dfa20f1e6001c51315fb705524890.jpg,681,382,713,403,person
imgs-400/train/arbolitos_400_Flight_01_00010_trozo_6_jpg.rf.ea3dfa20f1e6001c51315fb705524890.jpg,681,402,712,434,person
imgs-400/train/arbolitos_400_Flight_01_00013_trozo_4_jpg.rf.d698278a058b3341ba56f07a974802f5.jpg,299,358,331,394,person
imgs-400/train/arbolitos_400_Flight_01_00013_trozo_4_jpg.rf.d698278a058b3341ba56f07a974802f5.jpg,192,425,228,467,person
imgs-400/train/arbolitos_400_Flight_01_00013_trozo_4_jpg.rf.d698278a058b3341ba56f07a974802f5.jpg,310,524,341,561,person
imgs-400/train/arbolitos_400_Flight_01_00013_trozo_4_jpg.rf.d698278a058b3341ba56f07a974802f5.jpg,305,563,351,598,person
imgs-400/train/arbolitos_400_Flight_01_00013_trozo_4_jpg.rf.d698278a058b3341ba56f07a974802f5.jpg,272,624,306,654,person
imgs-400/train/arbolitos_400_Flight_01_00013_trozo_4_jpg.rf.d698278a058b3341ba56f07a974802f5.jpg,89,476,123,517,person
imgs-400/train/arbolitos_400_Flight_01_00013_trozo_4_jpg.rf.d698278a058b3341ba56f07a974802f5.jpg,492,554,516,590,person
imgs-400/train/arbolitos_400_Flight_01_00013_trozo_4_jpg.rf.d698278a058b3341ba56f07a974802f5.jpg,512,559,537,589,person
imgs-400/train/arbolitos_400_Flight_01_00013_trozo_4_jpg.rf.d698278a058b3341ba56f07a974802f5.jpg,7,12,25,46,person
imgs-400/train/arbolitos_400_Flight_01_00013_trozo_4_jpg.rf.d698278a058b3341ba56f07a974802f5.jpg,28,14,47,50,person
imgs-400/train/arbolitos_400_Flight_01_00007_trozo_17_jpg.rf.e023a8b366e1517cc0fa7b218aa3797f.jpg,699,46,731,82,person
imgs-400/train/arbolitos_400_Flight_01_00031_trozo_51_jpg.rf.ed5d4ecab638ed1b0c663f592fc1f108.jpg,532,758,569,788,person
imgs-400/train/arbolitos_400_Flight_01_00031_trozo_51_jpg.rf.ed5d4ecab638ed1b0c663f592fc1f108.jpg,670,683,708,708,person
imgs-400/train/arbolitos_400_Flight_01_00005_trozo_59_jpg.rf.ee28044a016efa4b37a5989a80e5a12f.jpg,208,6,240,48,person
imgs-400/train/arbolitos_400_Flight_01_00016_trozo_12_jpg.rf.d2f1f15228f2e6503a5c7f30a6b997ea.jpg,314,239,350,271,person
imgs-400/train/arbolitos_400_Flight_01_00016_trozo_12_jpg.rf.d2f1f15228f2e6503a5c7f30a6b997ea.jpg,635,676,655,702,person
imgs-400/train/arbolitos_400_Flight_01_00016_trozo_12_jpg.rf.d2f1f15228f2e6503a5c7f30a6b997ea.jpg,651,643,668,663,person
imgs-400/train/arbolitos_400_Flight_01_00016_trozo_12_jpg.rf.d2f1f15228f2e6503a5c7f30a6b997ea.jpg,643,661,667,679,person
imgs-400/train/arbolitos_400_Flight_01_00016_trozo_12_jpg.rf.d2f1f15228f2e6503a5c7f30a6b997ea.jpg,667,650,685,665,person
imgs-400/train/arbolitos_400_Flight_01_00002_trozo_9_jpg.rf.dbe33e9b792d5bc6fecd38111a42c8aa.jpg,178,668,209,698,person
imgs-400/train/arbolitos_400_Flight_01_00002_trozo_9_jpg.rf.dbe33e9b792d5bc6fecd38111a42c8aa.jpg,257,489,294,524,person
imgs-400/train/arbolitos_400_Flight_01_00002_trozo_9_jpg.rf.dbe33e9b792d5bc6fecd38111a42c8aa.jpg,364,60,396,92,person
imgs-400/train/arbolitos_400_Flight_01_00020_trozo_37_jpg.rf.e1ce9427242223ac4dd4bcec6ab23e8e.jpg,113,84,142,113,person
imgs-400/train/arbolitos_400_Flight_01_00020_trozo_37_jpg.rf.e1ce9427242223ac4dd4bcec6ab23e8e.jpg,137,100,166,135,person
imgs-400/train/arbolitos_400_Flight_01_00020_trozo_37_jpg.rf.e1ce9427242223ac4dd4bcec6ab23e8e.jpg,494,310,529,335,person
imgs-400/train/arbolitos_400_Flight_01_00020_trozo_37_jpg.rf.e1ce9427242223ac4dd4bcec6ab23e8e.jpg,487,335,524,361,person
imgs-400/train/arbolitos_400_Flight_01_00011_trozo_8_jpg.rf.df59452f1d1ae3af8a5c9ef1e8f0cd9b.jpg,372,568,413,605,person
imgs-400/train/arbolitos_400_Flight_01_00011_trozo_8_jpg.rf.df59452f1d1ae3af8a5c9ef1e8f0cd9b.jpg,742,348,774,378,person
imgs-400/train/arbolitos_400_Flight_01_00011_trozo_8_jpg.rf.df59452f1d1ae3af8a5c9ef1e8f0cd9b.jpg,667,411,705,446,person
imgs-400/train/arbolitos_400_Flight_01_00013_trozo_14_jpg.rf.f40a4cc1d715cd01def472497c2bde18.jpg,622,274,652,304,person
imgs-400/train/arbolitos_400_Flight_01_00013_trozo_14_jpg.rf.f40a4cc1d715cd01def472497c2bde18.jpg,661,283,686,313,person
imgs-400/train/arbolitos_400_Flight_01_00013_trozo_14_jpg.rf.f40a4cc1d715cd01def472497c2bde18.jpg,613,298,645,323,person
imgs-400/train/arbolitos_400_Flight_01_00013_trozo_14_jpg.rf.f40a4cc1d715cd01def472497c2bde18.jpg,700,145,723,175,person
imgs-400/train/arbolitos_400_Flight_01_00013_trozo_14_jpg.rf.f40a4cc1d715cd01def472497c2bde18.jpg,718,125,740,167,person
imgs-400/train/arbolitos_400_Flight_01_00013_trozo_14_jpg.rf.f40a4cc1d715cd01def472497c2bde18.jpg,219,31,245,65,person
imgs-400/train/arbolitos_400_Flight_01_00024_trozo_27_jpg.rf.def815f312843f4189ba9a80f2242e36.jpg,2,716,24,739,person
imgs-400/train/arbolitos_400_Flight_01_00024_trozo_27_jpg.rf.def815f312843f4189ba9a80f2242e36.jpg,46,651,71,668,person
imgs-400/train/arbolitos_400_Flight_01_00024_trozo_27_jpg.rf.def815f312843f4189ba9a80f2242e36.jpg,19,627,36,645,person
imgs-400/train/arbolitos_400_Flight_01_00024_trozo_27_jpg.rf.def815f312843f4189ba9a80f2242e36.jpg,2,611,22,636,person
imgs-400/train/arbolitos_400_Flight_01_00024_trozo_27_jpg.rf.def815f312843f4189ba9a80f2242e36.jpg,60,604,88,629,person
imgs-400/train/arbolitos_400_Flight_01_00024_trozo_27_jpg.rf.def815f312843f4189ba9a80f2242e36.jpg,98,599,130,631,person
imgs-400/train/arbolitos_400_Flight_01_00024_trozo_27_jpg.rf.def815f312843f4189ba9a80f2242e36.jpg,98,652,129,668,person
imgs-400/train/arbolitos_400_Flight_01_00024_trozo_27_jpg.rf.def815f312843f4189ba9a80f2242e36.jpg,161,646,191,675,person
imgs-400/train/arbolitos_400_Flight_01_00024_trozo_27_jpg.rf.def815f312843f4189ba9a80f2242e36.jpg,205,694,247,723,person
imgs-400/train/arbolitos_400_Flight_01_00024_trozo_27_jpg.rf.def815f312843f4189ba9a80f2242e36.jpg,258,650,283,684,person
imgs-400/train/arbolitos_400_Flight_01_00024_trozo_27_jpg.rf.def815f312843f4189ba9a80f2242e36.jpg,292,747,318,772,person
imgs-400/train/arbolitos_400_Flight_01_00024_trozo_27_jpg.rf.def815f312843f4189ba9a80f2242e36.jpg,299,627,321,653,person
imgs-400/train/arbolitos_400_Flight_01_00024_trozo_27_jpg.rf.def815f312843f4189ba9a80f2242e36.jpg,328,623,357,643,person
imgs-400/train/arbolitos_400_Flight_01_00024_trozo_27_jpg.rf.def815f312843f4189ba9a80f2242e36.jpg,326,646,352,670,person
imgs-400/train/arbolitos_400_Flight_01_00024_trozo_27_jpg.rf.def815f312843f4189ba9a80f2242e36.jpg,430,657,461,689,person
imgs-400/train/arbolitos_400_Flight_01_00024_trozo_27_jpg.rf.def815f312843f4189ba9a80f2242e36.jpg,530,614,566,640,person
imgs-400/train/arbolitos_400_Flight_01_00024_trozo_27_jpg.rf.def815f312843f4189ba9a80f2242e36.jpg,762,669,790,699,person
imgs-400/train/arbolitos_400_Flight_01_00007_trozo_37_jpg.rf.e0a968d7b83e43ca8589bf1db9947da4.jpg,65,574,95,602,person
imgs-400/train/arbolitos_400_Flight_01_00007_trozo_37_jpg.rf.e0a968d7b83e43ca8589bf1db9947da4.jpg,278,403,315,439,person
imgs-400/train/arbolitos_400_Flight_01_00007_trozo_37_jpg.rf.e0a968d7b83e43ca8589bf1db9947da4.jpg,0,748,28,789,person
imgs-400/train/arbolitos_400_Flight_01_00002_trozo_19_jpg.rf.d58b365306cb5e46aefc827a5b9d18a3.jpg,153,106,188,143,person
imgs-400/train/arbolitos_400_Flight_01_00027_trozo_52_jpg.rf.e430f1d6e067eee88e0ccb103ee96044.jpg,517,771,551,797,person
imgs-400/train/arbolitos_400_Flight_01_00027_trozo_52_jpg.rf.e430f1d6e067eee88e0ccb103ee96044.jpg,747,209,771,233,person
imgs-400/train/arbolitos_400_Flight_01_00027_trozo_52_jpg.rf.e430f1d6e067eee88e0ccb103ee96044.jpg,769,198,792,228,person
imgs-400/train/arbolitos_400_Flight_01_00027_trozo_52_jpg.rf.e430f1d6e067eee88e0ccb103ee96044.jpg,738,10,762,47,person
imgs-400/train/arbolitos_400_Flight_01_00027_trozo_52_jpg.rf.e430f1d6e067eee88e0ccb103ee96044.jpg,722,17,747,43,person
imgs-400/train/arbolitos_400_Flight_01_00022_trozo_48_jpg.rf.f984952a3da59b9e6366000be7c5ce48.jpg,544,247,572,281,person
imgs-400/train/arbolitos_400_Flight_01_00022_trozo_48_jpg.rf.f984952a3da59b9e6366000be7c5ce48.jpg,569,257,595,289,person
imgs-400/train/arbolitos_400_Flight_01_00017_trozo_52_jpg.rf.f379431e259e7913dfff9eb7e8bbd176.jpg,703,518,737,544,person
imgs-400/train/arbolitos_400_Flight_01_00017_trozo_52_jpg.rf.f379431e259e7913dfff9eb7e8bbd176.jpg,702,538,748,570,person
imgs-400/train/arbolitos_400_Flight_01_00024_trozo_3_jpg.rf.fa7ae043d375d319cf1536c40c55ca51.jpg,58,750,84,782,person
imgs-400/train/arbolitos_400_Flight_01_00024_trozo_3_jpg.rf.fa7ae043d375d319cf1536c40c55ca51.jpg,74,757,102,787,person
imgs-400/train/arbolitos_400_Flight_01_00005_trozo_26_jpg.rf.fbc956b4617d34034611679b618786c2.jpg,219,329,250,366,person
imgs-400/train/arbolitos_400_Flight_01_00014_trozo_30_jpg.rf.f71d94b15d2ace3ae6a5f841b134563c.jpg,589,223,608,247,person
imgs-400/train/arbolitos_400_Flight_01_00014_trozo_30_jpg.rf.f71d94b15d2ace3ae6a5f841b134563c.jpg,601,241,625,261,person
imgs-400/train/arbolitos_400_Flight_01_00014_trozo_30_jpg.rf.f71d94b15d2ace3ae6a5f841b134563c.jpg,598,91,633,122,person
imgs-400/train/arbolitos_400_Flight_01_00016_trozo_36_jpg.rf.fc5f91ece0061483756ccb03008c56fb.jpg,56,723,93,760,person
imgs-400/train/arbolitos_400_Flight_01_00016_trozo_36_jpg.rf.fc5f91ece0061483756ccb03008c56fb.jpg,592,171,620,200,person
imgs-400/train/arbolitos_400_Flight_01_00016_trozo_36_jpg.rf.fc5f91ece0061483756ccb03008c56fb.jpg,608,196,637,219,person
imgs-400/train/arbolitos_400_Flight_01_00026_trozo_12_jpg.rf.fd99c1de33fb84c91f414573c07a36bd.jpg,95,428,124,452,person
imgs-400/train/arbolitos_400_Flight_01_00026_trozo_12_jpg.rf.fd99c1de33fb84c91f414573c07a36bd.jpg,122,427,146,452,person
imgs-400/train/arbolitos_400_Flight_01_00026_trozo_12_jpg.rf.fd99c1de33fb84c91f414573c07a36bd.jpg,740,32,769,64,person
imgs-400/train/arbolitos_400_Flight_01_00026_trozo_12_jpg.rf.fd99c1de33fb84c91f414573c07a36bd.jpg,770,35,794,71,person
imgs-400/train/arbolitos_400_Flight_01_00007_trozo_36_jpg.rf.fa67891510365b5e473b1ccfbfee19b5.jpg,652,318,689,349,person
imgs-400/train/arbolitos_400_Flight_01_00007_trozo_36_jpg.rf.fa67891510365b5e473b1ccfbfee19b5.jpg,718,488,748,517,person
imgs-400/train/arbolitos_400_Flight_01_00007_trozo_36_jpg.rf.fa67891510365b5e473b1ccfbfee19b5.jpg,722,768,752,800,person
imgs-400/train/arbolitos_400_Flight_01_00030_trozo_53_jpg.rf.fe3ebad217db810ab362d493979fd23a.jpg,771,261,800,293,person
imgs-400/train/arbolitos_400_Flight_01_00015_trozo_2_jpg.rf.ff477fcd75f2926fe859fc7b8dddc461.jpg,400,225,440,272,person
imgs-400/train/arbolitos_400_Flight_01_00015_trozo_2_jpg.rf.ff477fcd75f2926fe859fc7b8dddc461.jpg,491,192,528,238,person
imgs-400/train/arbolitos_400_Flight_01_00015_trozo_2_jpg.rf.ff477fcd75f2926fe859fc7b8dddc461.jpg,418,302,454,332,person
imgs-400/train/arbolitos_400_Flight_01_00015_trozo_2_jpg.rf.ff477fcd75f2926fe859fc7b8dddc461.jpg,396,329,430,360,person
imgs-400/train/arbolitos_400_Flight_01_00015_trozo_2_jpg.rf.ff477fcd75f2926fe859fc7b8dddc461.jpg,371,366,402,394,person
imgs-400/train/arbolitos_400_Flight_01_00015_trozo_2_jpg.rf.ff477fcd75f2926fe859fc7b8dddc461.jpg,340,353,365,383,person
imgs-400/train/arbolitos_400_Flight_01_00015_trozo_2_jpg.rf.ff477fcd75f2926fe859fc7b8dddc461.jpg,350,377,382,405,person
imgs-400/train/arbolitos_400_Flight_01_00015_trozo_2_jpg.rf.ff477fcd75f2926fe859fc7b8dddc461.jpg,379,419,407,459,person
imgs-400/train/arbolitos_400_Flight_01_00015_trozo_2_jpg.rf.ff477fcd75f2926fe859fc7b8dddc461.jpg,407,414,433,457,person
imgs-400/train/arbolitos_400_Flight_01_00015_trozo_2_jpg.rf.ff477fcd75f2926fe859fc7b8dddc461.jpg,174,464,210,501,person
imgs-400/train/arbolitos_400_Flight_01_00015_trozo_2_jpg.rf.ff477fcd75f2926fe859fc7b8dddc461.jpg,574,270,610,306,person
imgs-400/train/arbolitos_400_Flight_01_00006_trozo_47_jpg.rf.ff6d61310f34705384658b2df6ba361a.jpg,10,150,39,182,person
imgs-400/train/arbolitos_400_Flight_01_00016_trozo_34_jpg.rf.ffd8ae3c07031c87baf68cf8555cb91d.jpg,66,715,100,745,person
imgs-400/train/arbolitos_400_Flight_01_00016_trozo_34_jpg.rf.ffd8ae3c07031c87baf68cf8555cb91d.jpg,5,620,29,666,person
imgs-400/train/arbolitos_400_Flight_01_00004_trozo_28_jpg.rf.041ea759f434ad59591b44179e164324.jpg,752,129,781,167,person
imgs-400/train/arbolitos_400_Flight_01_00004_trozo_28_jpg.rf.041ea759f434ad59591b44179e164324.jpg,732,132,760,166,person
imgs-400/train/arbolitos_400_Flight_01_00004_trozo_28_jpg.rf.041ea759f434ad59591b44179e164324.jpg,627,619,659,654,person
imgs-400/train/arbolitos_400_Flight_01_00018_trozo_32_jpg.rf.03afde3d176359965c19289c4ffa8791.jpg,73,665,102,696,person
imgs-400/train/arbolitos_400_Flight_01_00018_trozo_32_jpg.rf.03afde3d176359965c19289c4ffa8791.jpg,95,675,120,706,person
imgs-400/train/arbolitos_400_Flight_01_00018_trozo_32_jpg.rf.03afde3d176359965c19289c4ffa8791.jpg,185,253,219,288,person
imgs-400/train/arbolitos_400_Flight_01_00018_trozo_32_jpg.rf.03afde3d176359965c19289c4ffa8791.jpg,205,262,231,292,person
imgs-400/train/arbolitos_400_Flight_01_00004_trozo_58_jpg.rf.01693b82d49cd04e18a463531e7908cd.jpg,614,347,654,388,person
imgs-400/train/arbolitos_400_Flight_01_00011_trozo_27_jpg.rf.00005734234f9299cf7e49ec685e7d4d.jpg,267,97,309,143,person
imgs-400/train/arbolitos_400_Flight_01_00011_trozo_27_jpg.rf.00005734234f9299cf7e49ec685e7d4d.jpg,257,733,294,770,person
imgs-400/train/arbolitos_400_Flight_01_00028_trozo_30_jpg.rf.00f63cdd1e189aacbbf8009bdc44a518.jpg,527,520,553,550,person
imgs-400/train/arbolitos_400_Flight_01_00028_trozo_30_jpg.rf.00f63cdd1e189aacbbf8009bdc44a518.jpg,506,531,535,555,person
imgs-400/train/arbolitos_400_Flight_01_00003_trozo_57_jpg.rf.0c71ce59e7a508666aae8042b84e6b07.jpg,403,108,434,145,person
imgs-400/train/arbolitos_400_Flight_01_00031_trozo_46_jpg.rf.0c2dedb9a60421de952e5103ebffcc26.jpg,681,730,713,766,person
imgs-400/train/arbolitos_400_Flight_01_00010_trozo_7_jpg.rf.0c9a91191f190daeb14f5c71ad9461ae.jpg,430,50,468,84,person
imgs-400/train/arbolitos_400_Flight_01_00010_trozo_7_jpg.rf.0c9a91191f190daeb14f5c71ad9461ae.jpg,38,765,72,795,person
imgs-400/train/arbolitos_400_Flight_01_00025_trozo_22_jpg.rf.046852c707fcb1d66a3bdffc04ce34c1.jpg,512,472,541,507,person
imgs-400/train/arbolitos_400_Flight_01_00025_trozo_22_jpg.rf.046852c707fcb1d66a3bdffc04ce34c1.jpg,597,435,622,473,person
imgs-400/train/arbolitos_400_Flight_01_00025_trozo_22_jpg.rf.046852c707fcb1d66a3bdffc04ce34c1.jpg,617,436,646,472,person
imgs-400/train/arbolitos_400_Flight_01_00016_trozo_2_jpg.rf.0bf84fe73d514f815b1e27936969d023.jpg,450,184,472,208,person
imgs-400/train/arbolitos_400_Flight_01_00016_trozo_2_jpg.rf.0bf84fe73d514f815b1e27936969d023.jpg,473,191,494,225,person
imgs-400/train/arbolitos_400_Flight_01_00030_trozo_13_jpg.rf.0e2ec0fe831c85f3471e2c860e382d93.jpg,200,223,238,254,person
imgs-400/train/arbolitos_400_Flight_01_00030_trozo_13_jpg.rf.0e2ec0fe831c85f3471e2c860e382d93.jpg,644,330,676,361,person
imgs-400/train/arbolitos_400_Flight_01_00002_trozo_15_jpg.rf.0e345fe6b513416daecdc997a4329049.jpg,638,597,664,627,person
imgs-400/train/arbolitos_400_Flight_01_00023_trozo_16_jpg.rf.1471d678027376fcc3fc49f9a9411918.jpg,381,631,418,666,person
imgs-400/train/arbolitos_400_Flight_01_00004_trozo_56_jpg.rf.0da83db90dfbe4a3f9646fa1ca8542ab.jpg,339,55,373,93,person
imgs-400/train/arbolitos_400_Flight_01_00004_trozo_56_jpg.rf.0da83db90dfbe4a3f9646fa1ca8542ab.jpg,461,117,493,160,person
imgs-400/train/arbolitos_400_Flight_01_00004_trozo_56_jpg.rf.0da83db90dfbe4a3f9646fa1ca8542ab.jpg,685,598,719,632,person
imgs-400/train/arbolitos_400_Flight_01_00017_trozo_33_jpg.rf.16f5017dd84ba7d745d0861bd566f25a.jpg,584,344,609,373,person
imgs-400/train/arbolitos_400_Flight_01_00017_trozo_33_jpg.rf.16f5017dd84ba7d745d0861bd566f25a.jpg,700,411,738,445,person
imgs-400/train/arbolitos_400_Flight_01_00011_trozo_56_jpg.rf.13b5f76c2691414507cb7f2cd1d58769.jpg,305,496,329,534,person
imgs-400/train/arbolitos_400_Flight_01_00011_trozo_56_jpg.rf.13b5f76c2691414507cb7f2cd1d58769.jpg,327,502,355,538,person
imgs-400/train/arbolitos_400_Flight_01_00011_trozo_56_jpg.rf.13b5f76c2691414507cb7f2cd1d58769.jpg,513,67,547,108,person
imgs-400/train/arbolitos_400_Flight_01_00007_trozo_39_jpg.rf.17b2412ee13635605bddf416a70b2f04.jpg,296,358,334,394,person
imgs-400/train/arbolitos_400_Flight_01_00026_trozo_52_jpg.rf.182a235a04db346fd91a2d77d01e4e4e.jpg,62,282,96,318,person
imgs-400/train/arbolitos_400_Flight_01_00021_trozo_13_jpg.rf.136b6ad49effc68e237139dec430d189.jpg,506,488,529,512,person
imgs-400/train/arbolitos_400_Flight_01_00021_trozo_13_jpg.rf.136b6ad49effc68e237139dec430d189.jpg,521,479,545,507,person
imgs-400/train/arbolitos_400_Flight_01_00021_trozo_13_jpg.rf.136b6ad49effc68e237139dec430d189.jpg,566,500,590,531,person
imgs-400/train/arbolitos_400_Flight_01_00014_trozo_45_jpg.rf.189e0ee50b5d1abe29ad6f5df2ec8115.jpg,157,96,186,137,person
imgs-400/train/arbolitos_400_Flight_01_00014_trozo_45_jpg.rf.189e0ee50b5d1abe29ad6f5df2ec8115.jpg,208,192,243,226,person
imgs-400/train/arbolitos_400_Flight_01_00014_trozo_45_jpg.rf.189e0ee50b5d1abe29ad6f5df2ec8115.jpg,217,252,251,294,person
imgs-400/train/arbolitos_400_Flight_01_00014_trozo_45_jpg.rf.189e0ee50b5d1abe29ad6f5df2ec8115.jpg,263,464,298,496,person
imgs-400/train/arbolitos_400_Flight_01_00014_trozo_45_jpg.rf.189e0ee50b5d1abe29ad6f5df2ec8115.jpg,14,640,50,680,person
imgs-400/train/arbolitos_400_Flight_01_00014_trozo_45_jpg.rf.189e0ee50b5d1abe29ad6f5df2ec8115.jpg,329,483,364,515,person
imgs-400/train/arbolitos_400_Flight_01_00014_trozo_45_jpg.rf.189e0ee50b5d1abe29ad6f5df2ec8115.jpg,320,556,354,588,person
imgs-400/train/arbolitos_400_Flight_01_00014_trozo_45_jpg.rf.189e0ee50b5d1abe29ad6f5df2ec8115.jpg,572,706,610,737,person
imgs-400/train/arbolitos_400_Flight_01_00014_trozo_45_jpg.rf.189e0ee50b5d1abe29ad6f5df2ec8115.jpg,609,167,644,204,person
imgs-400/train/arbolitos_400_Flight_01_00014_trozo_45_jpg.rf.189e0ee50b5d1abe29ad6f5df2ec8115.jpg,670,286,707,324,person
imgs-400/train/arbolitos_400_Flight_01_00014_trozo_45_jpg.rf.189e0ee50b5d1abe29ad6f5df2ec8115.jpg,764,190,790,228,person
imgs-400/train/arbolitos_400_Flight_01_00014_trozo_45_jpg.rf.189e0ee50b5d1abe29ad6f5df2ec8115.jpg,747,388,779,423,person
imgs-400/train/arbolitos_400_Flight_01_00014_trozo_45_jpg.rf.189e0ee50b5d1abe29ad6f5df2ec8115.jpg,768,310,798,352,person
imgs-400/train/arbolitos_400_Flight_01_00031_trozo_54_jpg.rf.17fa60fef8818763a52775312ff94a1d.jpg,135,351,171,391,person
imgs-400/train/arbolitos_400_Flight_01_00031_trozo_54_jpg.rf.17fa60fef8818763a52775312ff94a1d.jpg,58,372,93,403,person
imgs-400/train/arbolitos_400_Flight_01_00012_trozo_28_jpg.rf.1ebac086013fd52936e9a76879571d13.jpg,366,720,404,758,person
imgs-400/train/arbolitos_400_Flight_01_00012_trozo_28_jpg.rf.1ebac086013fd52936e9a76879571d13.jpg,617,241,651,266,person
imgs-400/train/arbolitos_400_Flight_01_00012_trozo_28_jpg.rf.1ebac086013fd52936e9a76879571d13.jpg,625,272,667,306,person
imgs-400/train/arbolitos_400_Flight_01_00012_trozo_28_jpg.rf.1ebac086013fd52936e9a76879571d13.jpg,156,377,193,411,person
imgs-400/train/arbolitos_400_Flight_01_00022_trozo_23_jpg.rf.1bd104046fab96468e534a721ea6a413.jpg,698,205,734,240,person
imgs-400/train/arbolitos_400_Flight_01_00022_trozo_23_jpg.rf.1bd104046fab96468e534a721ea6a413.jpg,575,545,604,575,person
imgs-400/train/arbolitos_400_Flight_01_00015_trozo_23_jpg.rf.22e87cf9c9900b34142c6ad8dea7315e.jpg,300,43,324,66,person
imgs-400/train/arbolitos_400_Flight_01_00015_trozo_23_jpg.rf.22e87cf9c9900b34142c6ad8dea7315e.jpg,315,25,337,56,person
imgs-400/train/arbolitos_400_Flight_01_00015_trozo_55_jpg.rf.22f8a15242cfdc78b1101dae959adada.jpg,88,694,112,725,person
imgs-400/train/arbolitos_400_Flight_01_00015_trozo_55_jpg.rf.22f8a15242cfdc78b1101dae959adada.jpg,127,712,153,746,person
imgs-400/train/arbolitos_400_Flight_01_00015_trozo_55_jpg.rf.22f8a15242cfdc78b1101dae959adada.jpg,171,723,200,761,person
imgs-400/train/arbolitos_400_Flight_01_00015_trozo_55_jpg.rf.22f8a15242cfdc78b1101dae959adada.jpg,583,741,617,776,person
imgs-400/train/arbolitos_400_Flight_01_00015_trozo_55_jpg.rf.22f8a15242cfdc78b1101dae959adada.jpg,669,723,711,760,person
imgs-400/train/arbolitos_400_Flight_01_00020_trozo_23_jpg.rf.238bed3086136ec91499e3943e04ebcd.jpg,581,181,609,210,person
imgs-400/train/arbolitos_400_Flight_01_00020_trozo_23_jpg.rf.238bed3086136ec91499e3943e04ebcd.jpg,460,270,492,296,person
imgs-400/train/arbolitos_400_Flight_01_00020_trozo_23_jpg.rf.238bed3086136ec91499e3943e04ebcd.jpg,653,500,681,522,person
imgs-400/train/arbolitos_400_Flight_01_00020_trozo_23_jpg.rf.238bed3086136ec91499e3943e04ebcd.jpg,663,517,692,542,person
imgs-400/train/arbolitos_400_Flight_01_00020_trozo_23_jpg.rf.238bed3086136ec91499e3943e04ebcd.jpg,470,716,498,745,person
imgs-400/train/arbolitos_400_Flight_01_00012_trozo_16_jpg.rf.2471273d37b6b5e9dd2b34fb5057a45f.jpg,651,440,689,477,person
imgs-400/train/arbolitos_400_Flight_01_00012_trozo_16_jpg.rf.2471273d37b6b5e9dd2b34fb5057a45f.jpg,732,420,764,454,person
imgs-400/train/arbolitos_400_Flight_01_00012_trozo_16_jpg.rf.2471273d37b6b5e9dd2b34fb5057a45f.jpg,668,579,699,617,person
imgs-400/train/arbolitos_400_Flight_01_00012_trozo_16_jpg.rf.2471273d37b6b5e9dd2b34fb5057a45f.jpg,646,638,684,682,person
imgs-400/train/arbolitos_400_Flight_01_00012_trozo_16_jpg.rf.2471273d37b6b5e9dd2b34fb5057a45f.jpg,735,565,770,593,person
imgs-400/train/arbolitos_400_Flight_01_00012_trozo_16_jpg.rf.2471273d37b6b5e9dd2b34fb5057a45f.jpg,733,607,764,639,person
imgs-400/train/arbolitos_400_Flight_01_00012_trozo_57_jpg.rf.24eda7263fa888de5a95a1539967e84a.jpg,731,469,765,500,person
imgs-400/train/arbolitos_400_Flight_01_00012_trozo_57_jpg.rf.24eda7263fa888de5a95a1539967e84a.jpg,246,30,277,64,person
imgs-400/train/arbolitos_400_Flight_01_00011_trozo_18_jpg.rf.273f212fc52a3e982a0cda6b265c8388.jpg,507,187,541,222,person
imgs-400/train/arbolitos_400_Flight_01_00011_trozo_18_jpg.rf.273f212fc52a3e982a0cda6b265c8388.jpg,514,234,558,271,person
imgs-400/train/arbolitos_400_Flight_01_00011_trozo_18_jpg.rf.273f212fc52a3e982a0cda6b265c8388.jpg,423,287,469,328,person
imgs-400/train/arbolitos_400_Flight_01_00011_trozo_18_jpg.rf.273f212fc52a3e982a0cda6b265c8388.jpg,478,387,515,434,person
imgs-400/train/arbolitos_400_Flight_01_00011_trozo_18_jpg.rf.273f212fc52a3e982a0cda6b265c8388.jpg,189,358,235,395,person
imgs-400/train/arbolitos_400_Flight_01_00016_trozo_55_jpg.rf.23e2c74c2bb0139496eb11965c06ac27.jpg,258,447,290,483,person
imgs-400/train/arbolitos_400_Flight_01_00016_trozo_55_jpg.rf.23e2c74c2bb0139496eb11965c06ac27.jpg,714,65,739,95,person
imgs-400/train/arbolitos_400_Flight_01_00016_trozo_55_jpg.rf.23e2c74c2bb0139496eb11965c06ac27.jpg,738,89,763,118,person
imgs-400/train/arbolitos_400_Flight_01_00016_trozo_55_jpg.rf.23e2c74c2bb0139496eb11965c06ac27.jpg,727,114,757,136,person
imgs-400/train/arbolitos_400_Flight_01_00016_trozo_55_jpg.rf.23e2c74c2bb0139496eb11965c06ac27.jpg,704,131,735,156,person
imgs-400/train/arbolitos_400_Flight_01_00015_trozo_36_jpg.rf.189b6e5951747c9b0d0ec8ac3acd485c.jpg,144,665,181,702,person
imgs-400/train/arbolitos_400_Flight_01_00015_trozo_36_jpg.rf.189b6e5951747c9b0d0ec8ac3acd485c.jpg,126,367,138,391,person
imgs-400/train/arbolitos_400_Flight_01_00015_trozo_36_jpg.rf.189b6e5951747c9b0d0ec8ac3acd485c.jpg,138,367,153,390,person
imgs-400/train/arbolitos_400_Flight_01_00015_trozo_36_jpg.rf.189b6e5951747c9b0d0ec8ac3acd485c.jpg,150,364,171,387,person
imgs-400/train/arbolitos_400_Flight_01_00015_trozo_36_jpg.rf.189b6e5951747c9b0d0ec8ac3acd485c.jpg,223,267,246,292,person
imgs-400/train/arbolitos_400_Flight_01_00015_trozo_36_jpg.rf.189b6e5951747c9b0d0ec8ac3acd485c.jpg,243,255,269,276,person
imgs-400/train/arbolitos_400_Flight_01_00015_trozo_36_jpg.rf.189b6e5951747c9b0d0ec8ac3acd485c.jpg,239,212,265,243,person
imgs-400/train/arbolitos_400_Flight_01_00015_trozo_36_jpg.rf.189b6e5951747c9b0d0ec8ac3acd485c.jpg,248,157,266,181,person
imgs-400/train/arbolitos_400_Flight_01_00015_trozo_36_jpg.rf.189b6e5951747c9b0d0ec8ac3acd485c.jpg,270,150,286,182,person
imgs-400/train/arbolitos_400_Flight_01_00015_trozo_36_jpg.rf.189b6e5951747c9b0d0ec8ac3acd485c.jpg,287,153,302,178,person
imgs-400/train/arbolitos_400_Flight_01_00010_trozo_46_jpg.rf.257936e4deef4eee583654e5a8899d5b.jpg,374,580,396,608,person
imgs-400/train/arbolitos_400_Flight_01_00010_trozo_46_jpg.rf.257936e4deef4eee583654e5a8899d5b.jpg,398,578,426,613,person
imgs-400/train/arbolitos_400_Flight_01_00010_trozo_46_jpg.rf.257936e4deef4eee583654e5a8899d5b.jpg,185,649,214,687,person
imgs-400/train/arbolitos_400_Flight_01_00010_trozo_46_jpg.rf.257936e4deef4eee583654e5a8899d5b.jpg,212,637,241,675,person
imgs-400/train/arbolitos_400_Flight_01_00030_trozo_11_jpg.rf.2c70c1ec2a7d85f785ba9d0247818c5c.jpg,401,659,435,691,person
imgs-400/train/arbolitos_400_Flight_01_00007_trozo_47_jpg.rf.2a0e1ad1d4adfff536e4b2342436ca21.jpg,4,50,33,90,person
imgs-400/train/arbolitos_400_Flight_01_00007_trozo_47_jpg.rf.2a0e1ad1d4adfff536e4b2342436ca21.jpg,131,24,162,55,person
imgs-400/train/arbolitos_400_Flight_01_00007_trozo_47_jpg.rf.2a0e1ad1d4adfff536e4b2342436ca21.jpg,139,305,176,348,person
imgs-400/train/arbolitos_400_Flight_01_00007_trozo_47_jpg.rf.2a0e1ad1d4adfff536e4b2342436ca21.jpg,214,411,246,449,person
imgs-400/train/arbolitos_400_Flight_01_00007_trozo_47_jpg.rf.2a0e1ad1d4adfff536e4b2342436ca21.jpg,229,478,261,513,person
imgs-400/train/arbolitos_400_Flight_01_00007_trozo_47_jpg.rf.2a0e1ad1d4adfff536e4b2342436ca21.jpg,363,476,398,510,person
imgs-400/train/arbolitos_400_Flight_01_00007_trozo_47_jpg.rf.2a0e1ad1d4adfff536e4b2342436ca21.jpg,238,322,275,358,person
imgs-400/train/arbolitos_400_Flight_01_00007_trozo_47_jpg.rf.2a0e1ad1d4adfff536e4b2342436ca21.jpg,315,289,349,319,person
imgs-400/train/arbolitos_400_Flight_01_00007_trozo_47_jpg.rf.2a0e1ad1d4adfff536e4b2342436ca21.jpg,348,316,395,348,person
imgs-400/train/arbolitos_400_Flight_01_00007_trozo_47_jpg.rf.2a0e1ad1d4adfff536e4b2342436ca21.jpg,339,340,377,371,person
imgs-400/train/arbolitos_400_Flight_01_00007_trozo_47_jpg.rf.2a0e1ad1d4adfff536e4b2342436ca21.jpg,417,244,447,284,person
imgs-400/train/arbolitos_400_Flight_01_00007_trozo_47_jpg.rf.2a0e1ad1d4adfff536e4b2342436ca21.jpg,440,221,471,259,person
imgs-400/train/arbolitos_400_Flight_01_00007_trozo_47_jpg.rf.2a0e1ad1d4adfff536e4b2342436ca21.jpg,390,2,424,34,person
imgs-400/train/arbolitos_400_Flight_01_00008_trozo_46_jpg.rf.2f0090020c2e2a8bbf1a014740368d58.jpg,306,756,347,786,person
imgs-400/train/arbolitos_400_Flight_01_00007_trozo_19_jpg.rf.29767859b2fd393f215179461aeca53e.jpg,530,111,555,147,person
imgs-400/train/arbolitos_400_Flight_01_00007_trozo_19_jpg.rf.29767859b2fd393f215179461aeca53e.jpg,544,127,568,151,person
imgs-400/train/arbolitos_400_Flight_01_00018_trozo_12_jpg.rf.2f247d325e2cfb14230aecf1b95e39c9.jpg,406,752,426,776,person
imgs-400/train/arbolitos_400_Flight_01_00018_trozo_12_jpg.rf.2f247d325e2cfb14230aecf1b95e39c9.jpg,423,750,445,778,person
imgs-400/train/arbolitos_400_Flight_01_00018_trozo_12_jpg.rf.2f247d325e2cfb14230aecf1b95e39c9.jpg,564,83,587,106,person
imgs-400/train/arbolitos_400_Flight_01_00018_trozo_12_jpg.rf.2f247d325e2cfb14230aecf1b95e39c9.jpg,551,91,576,116,person
imgs-400/train/arbolitos_400_Flight_01_00023_trozo_10_jpg.rf.304cb20f3c94de433be6d57bfbc9379c.jpg,54,387,94,421,person
imgs-400/train/arbolitos_400_Flight_01_00023_trozo_10_jpg.rf.304cb20f3c94de433be6d57bfbc9379c.jpg,43,608,80,634,person
imgs-400/train/arbolitos_400_Flight_01_00023_trozo_10_jpg.rf.304cb20f3c94de433be6d57bfbc9379c.jpg,97,622,129,646,person
imgs-400/train/arbolitos_400_Flight_01_00023_trozo_10_jpg.rf.304cb20f3c94de433be6d57bfbc9379c.jpg,92,603,126,626,person
imgs-400/train/arbolitos_400_Flight_01_00023_trozo_10_jpg.rf.304cb20f3c94de433be6d57bfbc9379c.jpg,130,517,166,551,person
imgs-400/train/arbolitos_400_Flight_01_00023_trozo_10_jpg.rf.304cb20f3c94de433be6d57bfbc9379c.jpg,154,569,186,586,person
imgs-400/train/arbolitos_400_Flight_01_00023_trozo_10_jpg.rf.304cb20f3c94de433be6d57bfbc9379c.jpg,156,579,191,605,person
imgs-400/train/arbolitos_400_Flight_01_00023_trozo_10_jpg.rf.304cb20f3c94de433be6d57bfbc9379c.jpg,207,603,249,633,person
imgs-400/train/arbolitos_400_Flight_01_00023_trozo_10_jpg.rf.304cb20f3c94de433be6d57bfbc9379c.jpg,342,537,365,560,person
imgs-400/train/arbolitos_400_Flight_01_00023_trozo_10_jpg.rf.304cb20f3c94de433be6d57bfbc9379c.jpg,346,518,371,541,person
imgs-400/train/arbolitos_400_Flight_01_00023_trozo_10_jpg.rf.304cb20f3c94de433be6d57bfbc9379c.jpg,386,520,418,555,person
imgs-400/train/arbolitos_400_Flight_01_00023_trozo_10_jpg.rf.304cb20f3c94de433be6d57bfbc9379c.jpg,418,679,455,714,person
imgs-400/train/arbolitos_400_Flight_01_00023_trozo_10_jpg.rf.304cb20f3c94de433be6d57bfbc9379c.jpg,575,694,606,724,person
imgs-400/train/arbolitos_400_Flight_01_00023_trozo_10_jpg.rf.304cb20f3c94de433be6d57bfbc9379c.jpg,604,700,639,729,person
imgs-400/train/arbolitos_400_Flight_01_00031_trozo_13_jpg.rf.33263142247b98c2f9d0ea2573420f33.jpg,336,315,372,344,person
imgs-400/train/arbolitos_400_Flight_01_00005_trozo_25_jpg.rf.2e29358eb6c0b601b545748d7de419d3.jpg,755,637,780,662,person
imgs-400/train/arbolitos_400_Flight_01_00020_trozo_3_jpg.rf.333b70df1d1b8ae6219327da0d338a67.jpg,536,77,566,113,person
imgs-400/train/arbolitos_400_Flight_01_00002_trozo_7_jpg.rf.34d6f65b96e903a969f294c61e39eb76.jpg,55,217,89,243,person
imgs-400/train/arbolitos_400_Flight_01_00002_trozo_7_jpg.rf.34d6f65b96e903a969f294c61e39eb76.jpg,32,235,60,259,person
imgs-400/train/arbolitos_400_Flight_01_00002_trozo_7_jpg.rf.34d6f65b96e903a969f294c61e39eb76.jpg,17,271,43,295,person
imgs-400/train/arbolitos_400_Flight_01_00002_trozo_7_jpg.rf.34d6f65b96e903a969f294c61e39eb76.jpg,66,252,97,278,person
imgs-400/train/arbolitos_400_Flight_01_00020_trozo_8_jpg.rf.34a1c3d89d836885fd37357d2aaf667a.jpg,320,350,357,385,person
imgs-400/train/arbolitos_400_Flight_01_00006_trozo_36_jpg.rf.338416e55f66590f893a6235cf02d78b.jpg,344,748,369,786,person
imgs-400/train/arbolitos_400_Flight_01_00006_trozo_36_jpg.rf.338416e55f66590f893a6235cf02d78b.jpg,371,742,396,768,person
imgs-400/train/arbolitos_400_Flight_01_00006_trozo_36_jpg.rf.338416e55f66590f893a6235cf02d78b.jpg,371,763,395,791,person
imgs-400/train/arbolitos_400_Flight_01_00007_trozo_7_jpg.rf.34298ef97563f7d173ea471768aa6b8a.jpg,423,644,459,684,person
imgs-400/train/arbolitos_400_Flight_01_00011_trozo_48_jpg.rf.3882f9b3a10a9ae7eb1a2ccfe0fd1fe5.jpg,108,85,140,121,person
imgs-400/train/arbolitos_400_Flight_01_00011_trozo_48_jpg.rf.3882f9b3a10a9ae7eb1a2ccfe0fd1fe5.jpg,141,180,178,215,person
imgs-400/train/arbolitos_400_Flight_01_00015_trozo_11_jpg.rf.3aae85cb72119c0300b158b076754d82.jpg,239,130,276,161,person
imgs-400/train/arbolitos_400_Flight_01_00015_trozo_11_jpg.rf.3aae85cb72119c0300b158b076754d82.jpg,521,641,552,665,person
imgs-400/train/arbolitos_400_Flight_01_00015_trozo_11_jpg.rf.3aae85cb72119c0300b158b076754d82.jpg,589,730,619,755,person
imgs-400/train/arbolitos_400_Flight_01_00015_trozo_11_jpg.rf.3aae85cb72119c0300b158b076754d82.jpg,518,670,550,702,person
imgs-400/train/arbolitos_400_Flight_01_00015_trozo_11_jpg.rf.3aae85cb72119c0300b158b076754d82.jpg,325,152,357,178,person
imgs-400/train/arbolitos_400_Flight_01_00015_trozo_11_jpg.rf.3aae85cb72119c0300b158b076754d82.jpg,283,242,313,266,person
imgs-400/train/arbolitos_400_Flight_01_00015_trozo_11_jpg.rf.3aae85cb72119c0300b158b076754d82.jpg,160,244,194,270,person
imgs-400/train/arbolitos_400_Flight_01_00015_trozo_11_jpg.rf.3aae85cb72119c0300b158b076754d82.jpg,181,282,215,312,person
imgs-400/train/arbolitos_400_Flight_01_00015_trozo_11_jpg.rf.3aae85cb72119c0300b158b076754d82.jpg,305,398,328,424,person
imgs-400/train/arbolitos_400_Flight_01_00015_trozo_11_jpg.rf.3aae85cb72119c0300b158b076754d82.jpg,328,444,358,471,person
imgs-400/train/arbolitos_400_Flight_01_00015_trozo_11_jpg.rf.3aae85cb72119c0300b158b076754d82.jpg,337,472,383,499,person
imgs-400/train/arbolitos_400_Flight_01_00015_trozo_11_jpg.rf.3aae85cb72119c0300b158b076754d82.jpg,367,506,405,530,person
imgs-400/train/arbolitos_400_Flight_01_00015_trozo_11_jpg.rf.3aae85cb72119c0300b158b076754d82.jpg,378,482,420,506,person
imgs-400/train/arbolitos_400_Flight_01_00015_trozo_11_jpg.rf.3aae85cb72119c0300b158b076754d82.jpg,400,185,442,211,person
imgs-400/train/arbolitos_400_Flight_01_00015_trozo_11_jpg.rf.3aae85cb72119c0300b158b076754d82.jpg,384,166,410,192,person
imgs-400/train/arbolitos_400_Flight_01_00015_trozo_11_jpg.rf.3aae85cb72119c0300b158b076754d82.jpg,407,146,440,168,person
imgs-400/train/arbolitos_400_Flight_01_00015_trozo_11_jpg.rf.3aae85cb72119c0300b158b076754d82.jpg,408,166,437,186,person
imgs-400/train/arbolitos_400_Flight_01_00012_trozo_26_jpg.rf.3bc680f00f5c1b55512221ec4014c9c5.jpg,619,449,655,483,person
imgs-400/train/arbolitos_400_Flight_01_00011_trozo_37_jpg.rf.3796fd0e8748c6b17dfd557149fea614.jpg,214,24,242,55,person
imgs-400/train/arbolitos_400_Flight_01_00011_trozo_37_jpg.rf.3796fd0e8748c6b17dfd557149fea614.jpg,243,7,274,45,person
imgs-400/train/arbolitos_400_Flight_01_00011_trozo_37_jpg.rf.3796fd0e8748c6b17dfd557149fea614.jpg,310,1,336,31,person
imgs-400/train/arbolitos_400_Flight_01_00011_trozo_37_jpg.rf.3796fd0e8748c6b17dfd557149fea614.jpg,324,46,358,86,person
imgs-400/train/arbolitos_400_Flight_01_00011_trozo_37_jpg.rf.3796fd0e8748c6b17dfd557149fea614.jpg,412,127,436,153,person
imgs-400/train/arbolitos_400_Flight_01_00011_trozo_37_jpg.rf.3796fd0e8748c6b17dfd557149fea614.jpg,430,113,454,142,person
imgs-400/train/arbolitos_400_Flight_01_00011_trozo_37_jpg.rf.3796fd0e8748c6b17dfd557149fea614.jpg,443,193,475,231,person
imgs-400/train/arbolitos_400_Flight_01_00011_trozo_37_jpg.rf.3796fd0e8748c6b17dfd557149fea614.jpg,702,776,740,798,person
imgs-400/train/arbolitos_400_Flight_01_00027_trozo_43_jpg.rf.3aea56953017f03f1bb5203e325b6481.jpg,621,241,653,277,person
imgs-400/train/arbolitos_400_Flight_01_00020_trozo_6_jpg.rf.3e6e57f547ce3acd8fa150b1c5568835.jpg,769,184,792,210,person
imgs-400/train/arbolitos_400_Flight_01_00020_trozo_6_jpg.rf.3e6e57f547ce3acd8fa150b1c5568835.jpg,783,171,799,197,person
imgs-400/train/arbolitos_400_Flight_01_00008_trozo_55_jpg.rf.4093eada706b53632af848e95b189231.jpg,131,687,162,715,person
imgs-400/train/arbolitos_400_Flight_01_00008_trozo_55_jpg.rf.4093eada706b53632af848e95b189231.jpg,139,727,174,757,person
imgs-400/train/arbolitos_400_Flight_01_00017_trozo_56_jpg.rf.42bc61f8764b027155f36f31030a914a.jpg,494,227,522,256,person
imgs-400/train/arbolitos_400_Flight_01_00017_trozo_56_jpg.rf.42bc61f8764b027155f36f31030a914a.jpg,486,252,511,276,person
imgs-400/train/arbolitos_400_Flight_01_00017_trozo_56_jpg.rf.42bc61f8764b027155f36f31030a914a.jpg,512,258,535,287,person
imgs-400/train/arbolitos_400_Flight_01_00013_trozo_17_jpg.rf.3f1dc063ae2145ae88acdcd17cc1fbcf.jpg,187,119,211,149,person
imgs-400/train/arbolitos_400_Flight_01_00013_trozo_17_jpg.rf.3f1dc063ae2145ae88acdcd17cc1fbcf.jpg,204,122,228,156,person
imgs-400/train/arbolitos_400_Flight_01_00006_trozo_34_jpg.rf.42ff8e6288cf2738dd15facbe7d070d7.jpg,718,118,738,150,person
imgs-400/train/arbolitos_400_Flight_01_00006_trozo_34_jpg.rf.42ff8e6288cf2738dd15facbe7d070d7.jpg,738,113,762,151,person
imgs-400/train/arbolitos_400_Flight_01_00011_trozo_36_jpg.rf.450d4bbc6ceed6d4718bb8de2abb07a5.jpg,138,491,180,528,person
imgs-400/train/arbolitos_400_Flight_01_00011_trozo_36_jpg.rf.450d4bbc6ceed6d4718bb8de2abb07a5.jpg,131,549,171,586,person
imgs-400/train/arbolitos_400_Flight_01_00009_trozo_19_jpg.rf.4629484166d971e0b0a6106a5be442c2.jpg,130,372,152,398,person
imgs-400/train/arbolitos_400_Flight_01_00009_trozo_19_jpg.rf.4629484166d971e0b0a6106a5be442c2.jpg,117,378,137,402,person
imgs-400/train/arbolitos_400_Flight_01_00009_trozo_19_jpg.rf.4629484166d971e0b0a6106a5be442c2.jpg,103,386,121,411,person
imgs-400/train/arbolitos_400_Flight_01_00009_trozo_26_jpg.rf.44842424798e86df352672ef02c4dbd7.jpg,450,589,487,624,person
imgs-400/train/arbolitos_400_Flight_01_00009_trozo_26_jpg.rf.44842424798e86df352672ef02c4dbd7.jpg,641,410,658,454,person
imgs-400/train/arbolitos_400_Flight_01_00009_trozo_26_jpg.rf.44842424798e86df352672ef02c4dbd7.jpg,656,417,680,459,person
imgs-400/train/arbolitos_400_Flight_01_00012_trozo_38_jpg.rf.4b06955408ecdee898495dcb6fb20e25.jpg,568,259,614,294,person
imgs-400/train/arbolitos_400_Flight_01_00012_trozo_38_jpg.rf.4b06955408ecdee898495dcb6fb20e25.jpg,375,94,409,132,person
imgs-400/train/arbolitos_400_Flight_01_00003_trozo_16_jpg.rf.48afb0e86a3fb4b617d2b03f692c4b94.jpg,19,580,50,617,person
imgs-400/train/arbolitos_400_Flight_01_00031_trozo_20_jpg.rf.4b0b5f7260d9d649d4f2f8d2dbafefdc.jpg,769,271,799,308,person
imgs-400/train/arbolitos_400_Flight_01_00015_trozo_17_jpg.rf.52fa6152006951000797cbf2a3899ca6.jpg,157,253,179,282,person
imgs-400/train/arbolitos_400_Flight_01_00015_trozo_17_jpg.rf.52fa6152006951000797cbf2a3899ca6.jpg,137,232,163,263,person
imgs-400/train/arbolitos_400_Flight_01_00031_trozo_3_jpg.rf.4b376ec25d9838ac40115837725590c3.jpg,214,587,249,616,person
imgs-400/train/arbolitos_400_Flight_01_00031_trozo_3_jpg.rf.4b376ec25d9838ac40115837725590c3.jpg,86,393,123,425,person
imgs-400/train/arbolitos_400_Flight_01_00013_trozo_24_jpg.rf.4f1085652a59764a5eb0cdcd5ef7ca2e.jpg,22,444,54,478,person
imgs-400/train/arbolitos_400_Flight_01_00013_trozo_24_jpg.rf.4f1085652a59764a5eb0cdcd5ef7ca2e.jpg,102,338,132,373,person
imgs-400/train/arbolitos_400_Flight_01_00013_trozo_24_jpg.rf.4f1085652a59764a5eb0cdcd5ef7ca2e.jpg,120,454,140,479,person
imgs-400/train/arbolitos_400_Flight_01_00013_trozo_24_jpg.rf.4f1085652a59764a5eb0cdcd5ef7ca2e.jpg,136,479,161,505,person
imgs-400/train/arbolitos_400_Flight_01_00013_trozo_24_jpg.rf.4f1085652a59764a5eb0cdcd5ef7ca2e.jpg,123,526,152,563,person
imgs-400/train/arbolitos_400_Flight_01_00013_trozo_24_jpg.rf.4f1085652a59764a5eb0cdcd5ef7ca2e.jpg,172,573,201,609,person
imgs-400/train/arbolitos_400_Flight_01_00013_trozo_24_jpg.rf.4f1085652a59764a5eb0cdcd5ef7ca2e.jpg,214,529,251,565,person
imgs-400/train/arbolitos_400_Flight_01_00013_trozo_24_jpg.rf.4f1085652a59764a5eb0cdcd5ef7ca2e.jpg,530,593,555,627,person
imgs-400/train/arbolitos_400_Flight_01_00013_trozo_24_jpg.rf.4f1085652a59764a5eb0cdcd5ef7ca2e.jpg,617,734,641,762,person
imgs-400/train/arbolitos_400_Flight_01_00013_trozo_24_jpg.rf.4f1085652a59764a5eb0cdcd5ef7ca2e.jpg,637,720,663,744,person
imgs-400/train/arbolitos_400_Flight_01_00013_trozo_24_jpg.rf.4f1085652a59764a5eb0cdcd5ef7ca2e.jpg,651,748,675,780,person
imgs-400/train/arbolitos_400_Flight_01_00013_trozo_24_jpg.rf.4f1085652a59764a5eb0cdcd5ef7ca2e.jpg,509,638,540,672,person
imgs-400/train/arbolitos_400_Flight_01_00013_trozo_24_jpg.rf.4f1085652a59764a5eb0cdcd5ef7ca2e.jpg,521,615,550,639,person
imgs-400/train/arbolitos_400_Flight_01_00014_trozo_3_jpg.rf.506dd5b4b26e547308107a62ffa6d412.jpg,317,307,355,348,person
imgs-400/train/arbolitos_400_Flight_01_00020_trozo_53_jpg.rf.5125ebf739e8044f01f0d16775e13c85.jpg,171,31,199,56,person
imgs-400/train/arbolitos_400_Flight_01_00020_trozo_53_jpg.rf.5125ebf739e8044f01f0d16775e13c85.jpg,163,58,188,94,person
imgs-400/train/arbolitos_400_Flight_01_00020_trozo_53_jpg.rf.5125ebf739e8044f01f0d16775e13c85.jpg,665,262,697,297,person
imgs-400/train/arbolitos_400_Flight_01_00020_trozo_53_jpg.rf.5125ebf739e8044f01f0d16775e13c85.jpg,4,765,23,799,person
imgs-400/train/arbolitos_400_Flight_01_00020_trozo_53_jpg.rf.5125ebf739e8044f01f0d16775e13c85.jpg,20,766,43,798,person
imgs-400/train/arbolitos_400_Flight_01_00029_trozo_52_jpg.rf.550519a3b951da3d486af862529a1dff.jpg,750,668,773,696,person
imgs-400/train/arbolitos_400_Flight_01_00029_trozo_52_jpg.rf.550519a3b951da3d486af862529a1dff.jpg,765,665,790,700,person
imgs-400/train/arbolitos_400_Flight_01_00024_trozo_50_jpg.rf.53c2d6cf6d1a4dc3678116cdb67d60cd.jpg,131,656,167,693,person
imgs-400/train/arbolitos_400_Flight_01_00014_trozo_47_jpg.rf.5622ff6d8323cde30a1b9bcac37f8862.jpg,46,320,76,354,person
imgs-400/train/arbolitos_400_Flight_01_00014_trozo_47_jpg.rf.5622ff6d8323cde30a1b9bcac37f8862.jpg,67,320,95,354,person
imgs-400/train/arbolitos_400_Flight_01_00011_trozo_26_jpg.rf.54fb62364b1f3e485f0e6b0379c0adf0.jpg,640,22,683,56,person
imgs-400/train/arbolitos_400_Flight_01_00011_trozo_26_jpg.rf.54fb62364b1f3e485f0e6b0379c0adf0.jpg,699,219,740,261,person
imgs-400/train/arbolitos_400_Flight_01_00029_trozo_30_jpg.rf.5b0673d9ea36604b714b67c7355b15b6.jpg,324,186,355,215,person
imgs-400/train/arbolitos_400_Flight_01_00029_trozo_30_jpg.rf.5b0673d9ea36604b714b67c7355b15b6.jpg,341,214,370,246,person
imgs-400/train/arbolitos_400_Flight_01_00002_trozo_5_jpg.rf.5e4dd7f6b51730d3c81e35780f45e8f2.jpg,635,318,660,355,person
imgs-400/train/arbolitos_400_Flight_01_00002_trozo_5_jpg.rf.5e4dd7f6b51730d3c81e35780f45e8f2.jpg,608,770,639,799,person
imgs-400/train/arbolitos_400_Flight_01_00020_trozo_26_jpg.rf.5e61ded301fd54f5b723efea5be75aa3.jpg,115,344,146,373,person
imgs-400/train/arbolitos_400_Flight_01_00012_trozo_47_jpg.rf.620ed65a7361e69ccd081e483c36b0b3.jpg,113,425,151,455,person
imgs-400/train/arbolitos_400_Flight_01_00012_trozo_47_jpg.rf.620ed65a7361e69ccd081e483c36b0b3.jpg,94,456,135,496,person
imgs-400/train/arbolitos_400_Flight_01_00012_trozo_47_jpg.rf.620ed65a7361e69ccd081e483c36b0b3.jpg,461,686,485,704,person
imgs-400/train/arbolitos_400_Flight_01_00012_trozo_47_jpg.rf.620ed65a7361e69ccd081e483c36b0b3.jpg,448,704,470,728,person
imgs-400/train/arbolitos_400_Flight_01_00012_trozo_47_jpg.rf.620ed65a7361e69ccd081e483c36b0b3.jpg,425,705,449,725,person
imgs-400/train/arbolitos_400_Flight_01_00012_trozo_47_jpg.rf.620ed65a7361e69ccd081e483c36b0b3.jpg,435,734,458,757,person
imgs-400/train/arbolitos_400_Flight_01_00012_trozo_47_jpg.rf.620ed65a7361e69ccd081e483c36b0b3.jpg,411,727,440,751,person
imgs-400/train/arbolitos_400_Flight_01_00012_trozo_47_jpg.rf.620ed65a7361e69ccd081e483c36b0b3.jpg,267,477,301,521,person
imgs-400/train/arbolitos_400_Flight_01_00019_trozo_52_jpg.rf.662daea712824d0f107a6a97c797caea.jpg,531,216,562,242,person
imgs-400/train/arbolitos_400_Flight_01_00019_trozo_52_jpg.rf.662daea712824d0f107a6a97c797caea.jpg,550,225,579,249,person
imgs-400/train/arbolitos_400_Flight_01_00019_trozo_52_jpg.rf.662daea712824d0f107a6a97c797caea.jpg,410,622,438,653,person
imgs-400/train/arbolitos_400_Flight_01_00019_trozo_52_jpg.rf.662daea712824d0f107a6a97c797caea.jpg,431,632,455,672,person
imgs-400/train/arbolitos_400_Flight_01_00030_trozo_24_jpg.rf.5fae81b2896c1d240afe233bd3f6199c.jpg,532,368,563,400,person
imgs-400/train/arbolitos_400_Flight_01_00009_trozo_36_jpg.rf.686bd40a42ba79e662a19008310c18bf.jpg,506,85,536,127,person
imgs-400/train/arbolitos_400_Flight_01_00009_trozo_36_jpg.rf.686bd40a42ba79e662a19008310c18bf.jpg,691,98,717,128,person
imgs-400/train/arbolitos_400_Flight_01_00005_trozo_35_jpg.rf.60433c2c3207591ac6d163c43ea0ad90.jpg,526,470,560,507,person
imgs-400/train/arbolitos_400_Flight_01_00016_trozo_14_jpg.rf.670233f08f48efee3bbdd6952b26cb2a.jpg,514,132,552,158,person
imgs-400/train/arbolitos_400_Flight_01_00016_trozo_14_jpg.rf.670233f08f48efee3bbdd6952b26cb2a.jpg,536,156,565,190,person
imgs-400/train/arbolitos_400_Flight_01_00024_trozo_37_jpg.rf.686a358cf887c1faff5beb54cb3ed06a.jpg,328,158,360,192,person
imgs-400/train/arbolitos_400_Flight_01_00024_trozo_37_jpg.rf.686a358cf887c1faff5beb54cb3ed06a.jpg,310,46,339,71,person
imgs-400/train/arbolitos_400_Flight_01_00014_trozo_15_jpg.rf.680c454723aa4d3cd7a97cf9d2982f0a.jpg,372,175,401,213,person
imgs-400/train/arbolitos_400_Flight_01_00014_trozo_15_jpg.rf.680c454723aa4d3cd7a97cf9d2982f0a.jpg,200,52,237,86,person
imgs-400/train/arbolitos_400_Flight_01_00005_trozo_14_jpg.rf.65f7d9116f6553fb98a485c1639308dc.jpg,512,478,531,509,person
imgs-400/train/arbolitos_400_Flight_01_00005_trozo_14_jpg.rf.65f7d9116f6553fb98a485c1639308dc.jpg,529,478,546,512,person
imgs-400/train/arbolitos_400_Flight_01_00005_trozo_14_jpg.rf.65f7d9116f6553fb98a485c1639308dc.jpg,547,484,566,518,person
imgs-400/train/arbolitos_400_Flight_01_00006_trozo_26_jpg.rf.6bda006aab4336154996a5548cea613b.jpg,425,213,459,248,person
imgs-400/train/arbolitos_400_Flight_01_00006_trozo_26_jpg.rf.6bda006aab4336154996a5548cea613b.jpg,468,256,498,294,person
imgs-400/train/arbolitos_400_Flight_01_00010_trozo_38_jpg.rf.6a02d82ed7d094d4bd427c34c4558249.jpg,593,215,618,235,person
imgs-400/train/arbolitos_400_Flight_01_00010_trozo_38_jpg.rf.6a02d82ed7d094d4bd427c34c4558249.jpg,608,205,630,222,person
imgs-400/train/arbolitos_400_Flight_01_00010_trozo_38_jpg.rf.6a02d82ed7d094d4bd427c34c4558249.jpg,623,199,645,218,person
imgs-400/train/arbolitos_400_Flight_01_00009_trozo_17_jpg.rf.6ca1a3b43aae419a3e80e4406fb06097.jpg,162,300,190,343,person
imgs-400/train/arbolitos_400_Flight_01_00009_trozo_17_jpg.rf.6ca1a3b43aae419a3e80e4406fb06097.jpg,184,312,213,346,person
imgs-400/train/arbolitos_400_Flight_01_00030_trozo_44_jpg.rf.6cd480fb3451abf4149bcd28bd96db47.jpg,172,353,207,385,person
imgs-400/train/arbolitos_400_Flight_01_00030_trozo_44_jpg.rf.6cd480fb3451abf4149bcd28bd96db47.jpg,156,95,190,125,person
imgs-400/train/arbolitos_400_Flight_01_00002_trozo_48_jpg.rf.7097640578adb9b7f6d1c25b05ab099d.jpg,27,420,67,460,person
imgs-400/train/arbolitos_400_Flight_01_00027_trozo_10_jpg.rf.6f21ae5c72d11354a1af7f840b588f76.jpg,227,235,267,266,person
imgs-400/train/arbolitos_400_Flight_01_00013_trozo_33_jpg.rf.6b204f8e4a7a4e86d1386b4191621b09.jpg,18,1,46,30,person
imgs-400/train/arbolitos_400_Flight_01_00003_trozo_33_jpg.rf.70f62f5c326167e3ef7c749c240c7dbf.jpg,1,392,29,429,person
imgs-400/train/arbolitos_400_Flight_01_00029_trozo_13_jpg.rf.72ba26e3cd95fd3f62306152ce97911c.jpg,175,52,204,77,person
imgs-400/train/arbolitos_400_Flight_01_00029_trozo_13_jpg.rf.72ba26e3cd95fd3f62306152ce97911c.jpg,167,82,201,104,person
imgs-400/train/arbolitos_400_Flight_01_00014_trozo_58_jpg.rf.79dc178ff610c9b6954fc6b193fb1a2c.jpg,155,114,177,143,person
imgs-400/train/arbolitos_400_Flight_01_00014_trozo_58_jpg.rf.79dc178ff610c9b6954fc6b193fb1a2c.jpg,172,98,196,136,person
imgs-400/train/arbolitos_400_Flight_01_00015_trozo_14_jpg.rf.771756be263e083ee22aa108d8c779bc.jpg,295,681,326,713,person
imgs-400/train/arbolitos_400_Flight_01_00015_trozo_14_jpg.rf.771756be263e083ee22aa108d8c779bc.jpg,360,752,392,786,person
imgs-400/train/arbolitos_400_Flight_01_00021_trozo_17_jpg.rf.7b1032f7ae41e0e46fa9c145facd323a.jpg,4,671,29,696,person
imgs-400/train/arbolitos_400_Flight_01_00021_trozo_17_jpg.rf.7b1032f7ae41e0e46fa9c145facd323a.jpg,17,691,36,714,person
imgs-400/train/arbolitos_400_Flight_01_00021_trozo_17_jpg.rf.7b1032f7ae41e0e46fa9c145facd323a.jpg,5,700,27,730,person
imgs-400/train/arbolitos_400_Flight_01_00010_trozo_17_jpg.rf.7ce84943eef769570527f9a4e10aa856.jpg,529,502,567,540,person
imgs-400/train/arbolitos_400_Flight_01_00010_trozo_17_jpg.rf.7ce84943eef769570527f9a4e10aa856.jpg,297,222,339,257,person
imgs-400/train/arbolitos_400_Flight_01_00010_trozo_17_jpg.rf.7ce84943eef769570527f9a4e10aa856.jpg,436,360,461,395,person
imgs-400/train/arbolitos_400_Flight_01_00010_trozo_17_jpg.rf.7ce84943eef769570527f9a4e10aa856.jpg,457,351,476,389,person
imgs-400/train/arbolitos_400_Flight_01_00010_trozo_17_jpg.rf.7ce84943eef769570527f9a4e10aa856.jpg,174,143,196,171,person
imgs-400/train/arbolitos_400_Flight_01_00010_trozo_17_jpg.rf.7ce84943eef769570527f9a4e10aa856.jpg,189,147,215,165,person
imgs-400/train/arbolitos_400_Flight_01_00010_trozo_17_jpg.rf.7ce84943eef769570527f9a4e10aa856.jpg,206,138,233,155,person
imgs-400/train/arbolitos_400_Flight_01_00010_trozo_17_jpg.rf.7ce84943eef769570527f9a4e10aa856.jpg,208,122,245,137,person
imgs-400/train/arbolitos_400_Flight_01_00010_trozo_17_jpg.rf.7ce84943eef769570527f9a4e10aa856.jpg,207,100,245,124,person
imgs-400/train/arbolitos_400_Flight_01_00010_trozo_17_jpg.rf.7ce84943eef769570527f9a4e10aa856.jpg,267,69,293,92,person
imgs-400/train/arbolitos_400_Flight_01_00010_trozo_17_jpg.rf.7ce84943eef769570527f9a4e10aa856.jpg,290,71,313,92,person
imgs-400/train/arbolitos_400_Flight_01_00010_trozo_17_jpg.rf.7ce84943eef769570527f9a4e10aa856.jpg,267,88,286,119,person
imgs-400/train/arbolitos_400_Flight_01_00010_trozo_17_jpg.rf.7ce84943eef769570527f9a4e10aa856.jpg,282,92,302,116,person
imgs-400/train/arbolitos_400_Flight_01_00010_trozo_17_jpg.rf.7ce84943eef769570527f9a4e10aa856.jpg,291,130,313,158,person
imgs-400/train/arbolitos_400_Flight_01_00015_trozo_37_jpg.rf.7a352af7b09738b581be75b4027df1f8.jpg,135,151,163,183,person
imgs-400/train/arbolitos_400_Flight_01_00015_trozo_37_jpg.rf.7a352af7b09738b581be75b4027df1f8.jpg,192,174,226,211,person
imgs-400/train/arbolitos_400_Flight_01_00015_trozo_46_jpg.rf.7b0854811ec7d4552dc76ab352a954cb.jpg,127,184,145,216,person
imgs-400/train/arbolitos_400_Flight_01_00015_trozo_46_jpg.rf.7b0854811ec7d4552dc76ab352a954cb.jpg,147,168,167,203,person
imgs-400/train/arbolitos_400_Flight_01_00015_trozo_46_jpg.rf.7b0854811ec7d4552dc76ab352a954cb.jpg,264,263,283,287,person
imgs-400/train/arbolitos_400_Flight_01_00015_trozo_46_jpg.rf.7b0854811ec7d4552dc76ab352a954cb.jpg,245,279,271,302,person
imgs-400/train/arbolitos_400_Flight_01_00015_trozo_46_jpg.rf.7b0854811ec7d4552dc76ab352a954cb.jpg,142,592,172,626,person
imgs-400/train/arbolitos_400_Flight_01_00015_trozo_46_jpg.rf.7b0854811ec7d4552dc76ab352a954cb.jpg,252,163,280,199,person
imgs-400/train/arbolitos_400_Flight_01_00015_trozo_46_jpg.rf.7b0854811ec7d4552dc76ab352a954cb.jpg,281,154,304,188,person
imgs-400/train/arbolitos_400_Flight_01_00015_trozo_46_jpg.rf.7b0854811ec7d4552dc76ab352a954cb.jpg,268,202,302,234,person
imgs-400/train/arbolitos_400_Flight_01_00015_trozo_46_jpg.rf.7b0854811ec7d4552dc76ab352a954cb.jpg,520,584,549,614,person
imgs-400/train/arbolitos_400_Flight_01_00015_trozo_46_jpg.rf.7b0854811ec7d4552dc76ab352a954cb.jpg,502,596,527,622,person
imgs-400/train/arbolitos_400_Flight_01_00015_trozo_46_jpg.rf.7b0854811ec7d4552dc76ab352a954cb.jpg,497,667,525,701,person
imgs-400/train/arbolitos_400_Flight_01_00015_trozo_24_jpg.rf.8039ee919f8944728352cd9e6abdd72d.jpg,453,54,482,92,person
imgs-400/train/arbolitos_400_Flight_01_00028_trozo_12_jpg.rf.86c4d0ad934f77e8a8f81c185bbfeb5e.jpg,46,374,78,411,person
imgs-400/train/arbolitos_400_Flight_01_00028_trozo_12_jpg.rf.86c4d0ad934f77e8a8f81c185bbfeb5e.jpg,42,258,72,290,person
imgs-400/train/arbolitos_400_Flight_01_00028_trozo_12_jpg.rf.86c4d0ad934f77e8a8f81c185bbfeb5e.jpg,26,506,62,536,person
imgs-400/train/arbolitos_400_Flight_01_00008_trozo_48_jpg.rf.7db5e2be71a3c8752c61141abd3bb613.jpg,155,211,190,247,person
imgs-400/train/arbolitos_400_Flight_01_00008_trozo_48_jpg.rf.7db5e2be71a3c8752c61141abd3bb613.jpg,168,286,208,323,person
imgs-400/train/arbolitos_400_Flight_01_00008_trozo_48_jpg.rf.7db5e2be71a3c8752c61141abd3bb613.jpg,72,326,113,361,person
imgs-400/train/arbolitos_400_Flight_01_00008_trozo_48_jpg.rf.7db5e2be71a3c8752c61141abd3bb613.jpg,16,458,53,496,person
imgs-400/train/arbolitos_400_Flight_01_00008_trozo_48_jpg.rf.7db5e2be71a3c8752c61141abd3bb613.jpg,183,423,218,460,person
imgs-400/train/arbolitos_400_Flight_01_00008_trozo_48_jpg.rf.7db5e2be71a3c8752c61141abd3bb613.jpg,270,491,305,526,person
imgs-400/train/arbolitos_400_Flight_01_00008_trozo_48_jpg.rf.7db5e2be71a3c8752c61141abd3bb613.jpg,216,561,257,598,person
imgs-400/train/arbolitos_400_Flight_01_00008_trozo_48_jpg.rf.7db5e2be71a3c8752c61141abd3bb613.jpg,57,697,94,728,person
imgs-400/train/arbolitos_400_Flight_01_00008_trozo_48_jpg.rf.7db5e2be71a3c8752c61141abd3bb613.jpg,508,358,540,392,person
imgs-400/train/arbolitos_400_Flight_01_00008_trozo_48_jpg.rf.7db5e2be71a3c8752c61141abd3bb613.jpg,555,345,586,391,person
imgs-400/train/arbolitos_400_Flight_01_00008_trozo_48_jpg.rf.7db5e2be71a3c8752c61141abd3bb613.jpg,538,455,574,497,person
imgs-400/train/arbolitos_400_Flight_01_00008_trozo_48_jpg.rf.7db5e2be71a3c8752c61141abd3bb613.jpg,392,512,426,552,person
imgs-400/train/arbolitos_400_Flight_01_00008_trozo_48_jpg.rf.7db5e2be71a3c8752c61141abd3bb613.jpg,594,459,635,499,person
imgs-400/train/arbolitos_400_Flight_01_00008_trozo_48_jpg.rf.7db5e2be71a3c8752c61141abd3bb613.jpg,651,507,692,549,person
imgs-400/train/arbolitos_400_Flight_01_00008_trozo_48_jpg.rf.7db5e2be71a3c8752c61141abd3bb613.jpg,625,541,661,584,person
imgs-400/train/arbolitos_400_Flight_01_00008_trozo_48_jpg.rf.7db5e2be71a3c8752c61141abd3bb613.jpg,569,593,610,628,person
imgs-400/train/arbolitos_400_Flight_01_00008_trozo_48_jpg.rf.7db5e2be71a3c8752c61141abd3bb613.jpg,480,683,518,724,person
imgs-400/train/arbolitos_400_Flight_01_00008_trozo_48_jpg.rf.7db5e2be71a3c8752c61141abd3bb613.jpg,658,578,692,615,person
imgs-400/train/arbolitos_400_Flight_01_00014_trozo_39_jpg.rf.85baead52a3067876e5d1af52bb94c82.jpg,312,217,342,245,person
imgs-400/train/arbolitos_400_Flight_01_00017_trozo_34_jpg.rf.80581dffc2e78d969cc247c913352bea.jpg,575,70,598,98,person
imgs-400/train/arbolitos_400_Flight_01_00017_trozo_34_jpg.rf.80581dffc2e78d969cc247c913352bea.jpg,589,98,627,132,person
imgs-400/train/arbolitos_400_Flight_01_00018_trozo_53_jpg.rf.83d86a2617de77d7c4ee885e8ed42992.jpg,257,144,293,172,person
imgs-400/train/arbolitos_400_Flight_01_00018_trozo_53_jpg.rf.83d86a2617de77d7c4ee885e8ed42992.jpg,62,258,99,286,person
imgs-400/train/arbolitos_400_Flight_01_00018_trozo_53_jpg.rf.83d86a2617de77d7c4ee885e8ed42992.jpg,279,102,311,133,person
imgs-400/train/arbolitos_400_Flight_01_00006_trozo_49_jpg.rf.8802fb0e5d56ceea4d3ee8b9f0474a59.jpg,288,593,325,625,person
imgs-400/train/arbolitos_400_Flight_01_00006_trozo_49_jpg.rf.8802fb0e5d56ceea4d3ee8b9f0474a59.jpg,247,754,293,786,person
imgs-400/train/arbolitos_400_Flight_01_00018_trozo_56_jpg.rf.85bfc83e55f2d5ee45c19669fd8035c8.jpg,97,479,129,507,person
imgs-400/train/arbolitos_400_Flight_01_00018_trozo_56_jpg.rf.85bfc83e55f2d5ee45c19669fd8035c8.jpg,129,468,151,500,person
imgs-400/train/arbolitos_400_Flight_01_00018_trozo_56_jpg.rf.85bfc83e55f2d5ee45c19669fd8035c8.jpg,187,637,219,669,person
imgs-400/train/arbolitos_400_Flight_01_00016_trozo_22_jpg.rf.8a8d480e1bf9cc70fbb949aee8bf9ca1.jpg,5,368,42,410,person
imgs-400/train/arbolitos_400_Flight_01_00016_trozo_22_jpg.rf.8a8d480e1bf9cc70fbb949aee8bf9ca1.jpg,79,141,111,161,person
imgs-400/train/arbolitos_400_Flight_01_00016_trozo_22_jpg.rf.8a8d480e1bf9cc70fbb949aee8bf9ca1.jpg,91,159,122,177,person
imgs-400/train/arbolitos_400_Flight_01_00016_trozo_22_jpg.rf.8a8d480e1bf9cc70fbb949aee8bf9ca1.jpg,108,175,144,204,person
imgs-400/train/arbolitos_400_Flight_01_00016_trozo_22_jpg.rf.8a8d480e1bf9cc70fbb949aee8bf9ca1.jpg,5,151,39,182,person
imgs-400/train/arbolitos_400_Flight_01_00016_trozo_22_jpg.rf.8a8d480e1bf9cc70fbb949aee8bf9ca1.jpg,2,270,37,302,person
imgs-400/train/arbolitos_400_Flight_01_00011_trozo_59_jpg.rf.8a1de9eed9e50cad972dd77d65caee71.jpg,657,80,689,110,person
imgs-400/train/arbolitos_400_Flight_01_00011_trozo_59_jpg.rf.8a1de9eed9e50cad972dd77d65caee71.jpg,647,99,678,125,person
imgs-400/train/arbolitos_400_Flight_01_00011_trozo_59_jpg.rf.8a1de9eed9e50cad972dd77d65caee71.jpg,18,465,50,501,person
imgs-400/train/arbolitos_400_Flight_01_00007_trozo_45_jpg.rf.87f1381b15c056dd87c9afbe03114962.jpg,182,198,223,230,person
imgs-400/train/arbolitos_400_Flight_01_00007_trozo_45_jpg.rf.87f1381b15c056dd87c9afbe03114962.jpg,223,234,248,275,person
imgs-400/train/arbolitos_400_Flight_01_00019_trozo_6_jpg.rf.8989d7b35d306e03822a390a9ce8e60e.jpg,166,765,201,791,person
imgs-400/train/arbolitos_400_Flight_01_00019_trozo_6_jpg.rf.8989d7b35d306e03822a390a9ce8e60e.jpg,173,548,209,585,person
imgs-400/train/arbolitos_400_Flight_01_00010_trozo_58_jpg.rf.89a81dc4c92077ca189232365d53477a.jpg,204,614,238,650,person
imgs-400/train/arbolitos_400_Flight_01_00004_trozo_45_jpg.rf.89cad4010bb8f2cac94d6d10452fcebd.jpg,243,172,277,210,person
imgs-400/train/arbolitos_400_Flight_01_00004_trozo_45_jpg.rf.89cad4010bb8f2cac94d6d10452fcebd.jpg,262,512,293,543,person
imgs-400/train/arbolitos_400_Flight_01_00015_trozo_7_jpg.rf.8b6ba1394498119935d34d7b10f70827.jpg,133,425,171,462,person
imgs-400/train/arbolitos_400_Flight_01_00015_trozo_7_jpg.rf.8b6ba1394498119935d34d7b10f70827.jpg,524,151,555,189,person
imgs-400/train/arbolitos_400_Flight_01_00015_trozo_7_jpg.rf.8b6ba1394498119935d34d7b10f70827.jpg,2,243,24,289,person
imgs-400/train/arbolitos_400_Flight_01_00015_trozo_7_jpg.rf.8b6ba1394498119935d34d7b10f70827.jpg,28,233,56,280,person
imgs-400/train/arbolitos_400_Flight_01_00027_trozo_13_jpg.rf.8d37c8734a7c5fc0b3f4bb56c15d7353.jpg,53,572,87,604,person
imgs-400/train/arbolitos_400_Flight_01_00027_trozo_13_jpg.rf.8d37c8734a7c5fc0b3f4bb56c15d7353.jpg,101,589,131,619,person
imgs-400/train/arbolitos_400_Flight_01_00027_trozo_13_jpg.rf.8d37c8734a7c5fc0b3f4bb56c15d7353.jpg,114,617,140,649,person
imgs-400/train/arbolitos_400_Flight_01_00013_trozo_23_jpg.rf.8deb57349161b42031faf98b5d681e01.jpg,223,223,259,260,person
imgs-400/train/arbolitos_400_Flight_01_00013_trozo_23_jpg.rf.8deb57349161b42031faf98b5d681e01.jpg,315,358,349,392,person
imgs-400/train/arbolitos_400_Flight_01_00013_trozo_23_jpg.rf.8deb57349161b42031faf98b5d681e01.jpg,434,521,469,561,person
imgs-400/train/arbolitos_400_Flight_01_00013_trozo_23_jpg.rf.8deb57349161b42031faf98b5d681e01.jpg,112,339,142,379,person
imgs-400/train/arbolitos_400_Flight_01_00013_trozo_23_jpg.rf.8deb57349161b42031faf98b5d681e01.jpg,586,688,612,716,person
imgs-400/train/arbolitos_400_Flight_01_00013_trozo_23_jpg.rf.8deb57349161b42031faf98b5d681e01.jpg,508,664,537,694,person
imgs-400/train/arbolitos_400_Flight_01_00013_trozo_23_jpg.rf.8deb57349161b42031faf98b5d681e01.jpg,555,704,579,733,person
imgs-400/train/arbolitos_400_Flight_01_00013_trozo_23_jpg.rf.8deb57349161b42031faf98b5d681e01.jpg,673,285,704,319,person
imgs-400/train/arbolitos_400_Flight_01_00022_trozo_53_jpg.rf.8f1341ed37c71d94442397c39f2fc2e3.jpg,530,357,558,389,person
imgs-400/train/arbolitos_400_Flight_01_00022_trozo_53_jpg.rf.8f1341ed37c71d94442397c39f2fc2e3.jpg,541,374,565,411,person
imgs-400/train/arbolitos_400_Flight_01_00022_trozo_53_jpg.rf.8f1341ed37c71d94442397c39f2fc2e3.jpg,586,381,620,416,person
imgs-400/train/arbolitos_400_Flight_01_00022_trozo_53_jpg.rf.8f1341ed37c71d94442397c39f2fc2e3.jpg,543,231,577,269,person
imgs-400/train/arbolitos_400_Flight_01_00022_trozo_53_jpg.rf.8f1341ed37c71d94442397c39f2fc2e3.jpg,408,762,443,794,person
imgs-400/train/arbolitos_400_Flight_01_00022_trozo_53_jpg.rf.8f1341ed37c71d94442397c39f2fc2e3.jpg,300,124,337,155,person
imgs-400/train/arbolitos_400_Flight_01_00013_trozo_36_jpg.rf.8fd2511355d7d324c7454d6bf73ff35b.jpg,142,389,172,420,person
imgs-400/train/arbolitos_400_Flight_01_00013_trozo_36_jpg.rf.8fd2511355d7d324c7454d6bf73ff35b.jpg,123,401,148,429,person
imgs-400/train/arbolitos_400_Flight_01_00013_trozo_36_jpg.rf.8fd2511355d7d324c7454d6bf73ff35b.jpg,199,129,218,161,person
imgs-400/train/arbolitos_400_Flight_01_00013_trozo_36_jpg.rf.8fd2511355d7d324c7454d6bf73ff35b.jpg,214,117,234,152,person
imgs-400/train/arbolitos_400_Flight_01_00013_trozo_36_jpg.rf.8fd2511355d7d324c7454d6bf73ff35b.jpg,287,36,318,64,person
imgs-400/train/arbolitos_400_Flight_01_00013_trozo_36_jpg.rf.8fd2511355d7d324c7454d6bf73ff35b.jpg,306,19,334,50,person
imgs-400/train/arbolitos_400_Flight_01_00002_trozo_57_jpg.rf.8f1818da37b8bd8935793e9c2c7c2234.jpg,715,483,752,515,person
imgs-400/train/arbolitos_400_Flight_01_00002_trozo_57_jpg.rf.8f1818da37b8bd8935793e9c2c7c2234.jpg,646,58,670,94,person
imgs-400/train/arbolitos_400_Flight_01_00002_trozo_57_jpg.rf.8f1818da37b8bd8935793e9c2c7c2234.jpg,665,64,693,104,person
imgs-400/train/arbolitos_400_Flight_01_00006_trozo_17_jpg.rf.8db9020fdf8a6e01a0e406f3533811f6.jpg,555,669,590,709,person
imgs-400/train/arbolitos_400_Flight_01_00029_trozo_22_jpg.rf.9100c67238eb24a6b0c8dead59eac63a.jpg,159,627,195,656,person
imgs-400/train/arbolitos_400_Flight_01_00029_trozo_22_jpg.rf.9100c67238eb24a6b0c8dead59eac63a.jpg,34,735,69,765,person
imgs-400/train/arbolitos_400_Flight_01_00029_trozo_22_jpg.rf.9100c67238eb24a6b0c8dead59eac63a.jpg,109,747,150,777,person
imgs-400/train/arbolitos_400_Flight_01_00008_trozo_57_jpg.rf.9133493986f890dc4da75a3aee895875.jpg,428,482,466,529,person
imgs-400/train/arbolitos_400_Flight_01_00004_trozo_9_jpg.rf.91acb07e225daba50fe9e681c2b1e246.jpg,393,59,416,89,person
imgs-400/train/arbolitos_400_Flight_01_00004_trozo_9_jpg.rf.91acb07e225daba50fe9e681c2b1e246.jpg,369,68,398,96,person
imgs-400/train/arbolitos_400_Flight_01_00004_trozo_9_jpg.rf.91acb07e225daba50fe9e681c2b1e246.jpg,216,363,247,411,person
imgs-400/train/arbolitos_400_Flight_01_00004_trozo_9_jpg.rf.91acb07e225daba50fe9e681c2b1e246.jpg,78,2,112,27,person
imgs-400/train/arbolitos_400_Flight_01_00025_trozo_47_jpg.rf.9337f74f2e792fe5cf6747e30a08427b.jpg,31,368,60,396,person
imgs-400/train/arbolitos_400_Flight_01_00025_trozo_47_jpg.rf.9337f74f2e792fe5cf6747e30a08427b.jpg,160,395,191,423,person
imgs-400/train/arbolitos_400_Flight_01_00025_trozo_47_jpg.rf.9337f74f2e792fe5cf6747e30a08427b.jpg,172,372,209,400,person
imgs-400/train/arbolitos_400_Flight_01_00025_trozo_47_jpg.rf.9337f74f2e792fe5cf6747e30a08427b.jpg,274,371,317,396,person
imgs-400/train/arbolitos_400_Flight_01_00025_trozo_47_jpg.rf.9337f74f2e792fe5cf6747e30a08427b.jpg,322,416,352,446,person
imgs-400/train/arbolitos_400_Flight_01_00014_trozo_17_jpg.rf.91ad003215c719e855a5353a10725a89.jpg,181,368,210,404,person
imgs-400/train/arbolitos_400_Flight_01_00014_trozo_17_jpg.rf.91ad003215c719e855a5353a10725a89.jpg,214,430,249,467,person
imgs-400/train/arbolitos_400_Flight_01_00002_trozo_12_jpg.rf.991715ef8dd36f1c9dca232785a6561c.jpg,456,774,475,793,person
imgs-400/train/arbolitos_400_Flight_01_00002_trozo_12_jpg.rf.991715ef8dd36f1c9dca232785a6561c.jpg,486,778,508,799,person
imgs-400/train/arbolitos_400_Flight_01_00002_trozo_12_jpg.rf.991715ef8dd36f1c9dca232785a6561c.jpg,439,574,461,590,person
imgs-400/train/arbolitos_400_Flight_01_00031_trozo_0_jpg.rf.94176603620ee4ea310c9932dff97eef.jpg,591,641,619,665,person
imgs-400/train/arbolitos_400_Flight_01_00031_trozo_0_jpg.rf.94176603620ee4ea310c9932dff97eef.jpg,598,664,630,696,person
imgs-400/train/arbolitos_400_Flight_01_00031_trozo_0_jpg.rf.94176603620ee4ea310c9932dff97eef.jpg,616,628,646,658,person
imgs-400/train/arbolitos_400_Flight_01_00003_trozo_49_jpg.rf.9772a8533fcec050e7e1aa2861b0c966.jpg,399,512,427,538,person
imgs-400/train/arbolitos_400_Flight_01_00003_trozo_49_jpg.rf.9772a8533fcec050e7e1aa2861b0c966.jpg,404,533,439,563,person
imgs-400/train/arbolitos_400_Flight_01_00003_trozo_49_jpg.rf.9772a8533fcec050e7e1aa2861b0c966.jpg,627,531,662,568,person
imgs-400/train/arbolitos_400_Flight_01_00021_trozo_32_jpg.rf.99994c565ac7cc83f5702aeecfd06f3e.jpg,168,604,200,634,person
imgs-400/train/arbolitos_400_Flight_01_00031_trozo_15_jpg.rf.97c80ba6ccf7a851a118dbef44a22e19.jpg,547,482,578,508,person
imgs-400/train/arbolitos_400_Flight_01_00031_trozo_15_jpg.rf.97c80ba6ccf7a851a118dbef44a22e19.jpg,613,435,635,452,person
imgs-400/train/arbolitos_400_Flight_01_00031_trozo_15_jpg.rf.97c80ba6ccf7a851a118dbef44a22e19.jpg,614,448,637,468,person
imgs-400/train/arbolitos_400_Flight_01_00031_trozo_15_jpg.rf.97c80ba6ccf7a851a118dbef44a22e19.jpg,634,449,651,467,person
imgs-400/train/arbolitos_400_Flight_01_00018_trozo_22_jpg.rf.9c6d3055f18c0c1f3d6f8f8d01d45f92.jpg,263,556,295,588,person
imgs-400/train/arbolitos_400_Flight_01_00018_trozo_52_jpg.rf.a357e815f2fd44c92eeb7389afed3989.jpg,100,268,138,296,person
imgs-400/train/arbolitos_400_Flight_01_00018_trozo_52_jpg.rf.a357e815f2fd44c92eeb7389afed3989.jpg,17,353,59,383,person
imgs-400/train/arbolitos_400_Flight_01_00018_trozo_52_jpg.rf.a357e815f2fd44c92eeb7389afed3989.jpg,2,401,30,436,person
imgs-400/train/arbolitos_400_Flight_01_00018_trozo_52_jpg.rf.a357e815f2fd44c92eeb7389afed3989.jpg,157,314,209,351,person
imgs-400/train/arbolitos_400_Flight_01_00018_trozo_52_jpg.rf.a357e815f2fd44c92eeb7389afed3989.jpg,315,214,344,232,person
imgs-400/train/arbolitos_400_Flight_01_00018_trozo_52_jpg.rf.a357e815f2fd44c92eeb7389afed3989.jpg,320,232,351,255,person
imgs-400/train/arbolitos_400_Flight_01_00018_trozo_52_jpg.rf.a357e815f2fd44c92eeb7389afed3989.jpg,344,199,378,231,person
imgs-400/train/arbolitos_400_Flight_01_00013_trozo_34_jpg.rf.989e5f42ed3d0580daf3d6ae117ae51d.jpg,144,289,175,329,person
imgs-400/train/arbolitos_400_Flight_01_00013_trozo_34_jpg.rf.989e5f42ed3d0580daf3d6ae117ae51d.jpg,24,107,60,148,person
imgs-400/train/arbolitos_400_Flight_01_00013_trozo_34_jpg.rf.989e5f42ed3d0580daf3d6ae117ae51d.jpg,641,310,670,348,person
imgs-400/train/arbolitos_400_Flight_01_00013_trozo_34_jpg.rf.989e5f42ed3d0580daf3d6ae117ae51d.jpg,714,289,743,325,person
imgs-400/train/arbolitos_400_Flight_01_00013_trozo_34_jpg.rf.989e5f42ed3d0580daf3d6ae117ae51d.jpg,741,271,770,300,person
imgs-400/train/arbolitos_400_Flight_01_00013_trozo_34_jpg.rf.989e5f42ed3d0580daf3d6ae117ae51d.jpg,763,232,791,257,person
imgs-400/train/arbolitos_400_Flight_01_00013_trozo_34_jpg.rf.989e5f42ed3d0580daf3d6ae117ae51d.jpg,776,389,799,426,person
imgs-400/train/arbolitos_400_Flight_01_00004_trozo_48_jpg.rf.9a0c9203a5fcee4cc008d8ea77dedf55.jpg,171,69,206,107,person
imgs-400/train/arbolitos_400_Flight_01_00004_trozo_48_jpg.rf.9a0c9203a5fcee4cc008d8ea77dedf55.jpg,14,597,46,632,person
imgs-400/train/arbolitos_400_Flight_01_00004_trozo_48_jpg.rf.9a0c9203a5fcee4cc008d8ea77dedf55.jpg,120,386,151,421,person
imgs-400/train/arbolitos_400_Flight_01_00006_trozo_28_jpg.rf.a27908a49dc2d19ef4d1f66b70d401a8.jpg,381,20,413,50,person
imgs-400/train/arbolitos_400_Flight_01_00006_trozo_28_jpg.rf.a27908a49dc2d19ef4d1f66b70d401a8.jpg,360,71,392,99,person
imgs-400/train/arbolitos_400_Flight_01_00006_trozo_28_jpg.rf.a27908a49dc2d19ef4d1f66b70d401a8.jpg,395,118,424,146,person
imgs-400/train/arbolitos_400_Flight_01_00006_trozo_28_jpg.rf.a27908a49dc2d19ef4d1f66b70d401a8.jpg,393,199,421,229,person
imgs-400/train/arbolitos_400_Flight_01_00006_trozo_28_jpg.rf.a27908a49dc2d19ef4d1f66b70d401a8.jpg,363,253,389,281,person
imgs-400/train/arbolitos_400_Flight_01_00006_trozo_28_jpg.rf.a27908a49dc2d19ef4d1f66b70d401a8.jpg,392,327,415,353,person
imgs-400/train/arbolitos_400_Flight_01_00006_trozo_28_jpg.rf.a27908a49dc2d19ef4d1f66b70d401a8.jpg,1,112,26,152,person
imgs-400/train/arbolitos_400_Flight_01_00006_trozo_28_jpg.rf.a27908a49dc2d19ef4d1f66b70d401a8.jpg,196,281,226,319,person
imgs-400/train/arbolitos_400_Flight_01_00006_trozo_28_jpg.rf.a27908a49dc2d19ef4d1f66b70d401a8.jpg,568,36,603,65,person
imgs-400/train/arbolitos_400_Flight_01_00006_trozo_28_jpg.rf.a27908a49dc2d19ef4d1f66b70d401a8.jpg,484,16,519,51,person
imgs-400/train/arbolitos_400_Flight_01_00028_trozo_11_jpg.rf.a491c04bcaf924478db74414a4e1b6d7.jpg,304,300,340,329,person
imgs-400/train/arbolitos_400_Flight_01_00028_trozo_11_jpg.rf.a491c04bcaf924478db74414a4e1b6d7.jpg,165,514,203,546,person
imgs-400/train/arbolitos_400_Flight_01_00028_trozo_11_jpg.rf.a491c04bcaf924478db74414a4e1b6d7.jpg,150,586,184,615,person
imgs-400/train/arbolitos_400_Flight_01_00028_trozo_11_jpg.rf.a491c04bcaf924478db74414a4e1b6d7.jpg,147,620,185,651,person
imgs-400/train/arbolitos_400_Flight_01_00028_trozo_11_jpg.rf.a491c04bcaf924478db74414a4e1b6d7.jpg,228,604,266,639,person
imgs-400/train/arbolitos_400_Flight_01_00028_trozo_11_jpg.rf.a491c04bcaf924478db74414a4e1b6d7.jpg,316,542,356,574,person
imgs-400/train/arbolitos_400_Flight_01_00028_trozo_11_jpg.rf.a491c04bcaf924478db74414a4e1b6d7.jpg,211,680,252,714,person
imgs-400/train/arbolitos_400_Flight_01_00028_trozo_11_jpg.rf.a491c04bcaf924478db74414a4e1b6d7.jpg,189,704,217,730,person
imgs-400/train/arbolitos_400_Flight_01_00028_trozo_11_jpg.rf.a491c04bcaf924478db74414a4e1b6d7.jpg,302,727,343,758,person
imgs-400/train/arbolitos_400_Flight_01_00028_trozo_11_jpg.rf.a491c04bcaf924478db74414a4e1b6d7.jpg,405,733,442,764,person
imgs-400/train/arbolitos_400_Flight_01_00028_trozo_11_jpg.rf.a491c04bcaf924478db74414a4e1b6d7.jpg,670,652,706,687,person
imgs-400/train/arbolitos_400_Flight_01_00028_trozo_11_jpg.rf.a491c04bcaf924478db74414a4e1b6d7.jpg,699,559,733,593,person
imgs-400/train/arbolitos_400_Flight_01_00028_trozo_11_jpg.rf.a491c04bcaf924478db74414a4e1b6d7.jpg,658,483,694,521,person
imgs-400/train/arbolitos_400_Flight_01_00028_trozo_11_jpg.rf.a491c04bcaf924478db74414a4e1b6d7.jpg,716,485,747,516,person
imgs-400/train/arbolitos_400_Flight_01_00028_trozo_11_jpg.rf.a491c04bcaf924478db74414a4e1b6d7.jpg,662,312,697,352,person
imgs-400/train/arbolitos_400_Flight_01_00028_trozo_11_jpg.rf.a491c04bcaf924478db74414a4e1b6d7.jpg,736,344,773,381,person
imgs-400/train/arbolitos_400_Flight_01_00022_trozo_4_jpg.rf.a4645176308c6f3c2f20839f7cfa630f.jpg,419,380,449,411,person
imgs-400/train/arbolitos_400_Flight_01_00022_trozo_4_jpg.rf.a4645176308c6f3c2f20839f7cfa630f.jpg,103,635,128,659,person
imgs-400/train/arbolitos_400_Flight_01_00022_trozo_4_jpg.rf.a4645176308c6f3c2f20839f7cfa630f.jpg,84,629,108,653,person
imgs-400/train/arbolitos_400_Flight_01_00015_trozo_16_jpg.rf.a73909c96b27ad5397deb4b0d2761c1c.jpg,413,722,436,752,person
imgs-400/train/arbolitos_400_Flight_01_00015_trozo_16_jpg.rf.a73909c96b27ad5397deb4b0d2761c1c.jpg,434,730,458,762,person
imgs-400/train/arbolitos_400_Flight_01_00030_trozo_14_jpg.rf.a6a3a191930b9aafc1a44d210a19a8b1.jpg,452,247,476,278,person
imgs-400/train/arbolitos_400_Flight_01_00030_trozo_14_jpg.rf.a6a3a191930b9aafc1a44d210a19a8b1.jpg,473,252,502,282,person
imgs-400/train/arbolitos_400_Flight_01_00030_trozo_14_jpg.rf.a6a3a191930b9aafc1a44d210a19a8b1.jpg,723,8,755,37,person
imgs-400/train/arbolitos_400_Flight_01_00030_trozo_14_jpg.rf.a6a3a191930b9aafc1a44d210a19a8b1.jpg,593,387,628,418,person
imgs-400/train/arbolitos_400_Flight_01_00030_trozo_14_jpg.rf.a6a3a191930b9aafc1a44d210a19a8b1.jpg,263,252,297,278,person
imgs-400/train/arbolitos_400_Flight_01_00030_trozo_14_jpg.rf.a6a3a191930b9aafc1a44d210a19a8b1.jpg,299,228,329,247,person
imgs-400/train/arbolitos_400_Flight_01_00030_trozo_14_jpg.rf.a6a3a191930b9aafc1a44d210a19a8b1.jpg,312,243,338,275,person
imgs-400/train/arbolitos_400_Flight_01_00030_trozo_14_jpg.rf.a6a3a191930b9aafc1a44d210a19a8b1.jpg,156,198,186,227,person
imgs-400/train/arbolitos_400_Flight_01_00005_trozo_49_jpg.rf.a7ff44b6b727bea53f438ef74c6785e7.jpg,209,142,238,174,person
imgs-400/train/arbolitos_400_Flight_01_00005_trozo_49_jpg.rf.a7ff44b6b727bea53f438ef74c6785e7.jpg,187,139,213,175,person
imgs-400/train/arbolitos_400_Flight_01_00005_trozo_49_jpg.rf.a7ff44b6b727bea53f438ef74c6785e7.jpg,177,573,213,609,person
imgs-400/train/arbolitos_400_Flight_01_00015_trozo_59_jpg.rf.a58680e88ab005456b6aa749ed6c4c19.jpg,219,34,242,64,person
imgs-400/train/arbolitos_400_Flight_01_00015_trozo_59_jpg.rf.a58680e88ab005456b6aa749ed6c4c19.jpg,237,13,262,50,person
imgs-400/train/arbolitos_400_Flight_01_00030_trozo_51_jpg.rf.a6adbaad51bf98714f641361217f909f.jpg,517,115,548,156,person
imgs-400/train/arbolitos_400_Flight_01_00030_trozo_51_jpg.rf.a6adbaad51bf98714f641361217f909f.jpg,592,175,624,209,person
imgs-400/train/arbolitos_400_Flight_01_00030_trozo_51_jpg.rf.a6adbaad51bf98714f641361217f909f.jpg,568,352,605,387,person
imgs-400/train/arbolitos_400_Flight_01_00030_trozo_51_jpg.rf.a6adbaad51bf98714f641361217f909f.jpg,622,95,660,123,person
imgs-400/train/arbolitos_400_Flight_01_00030_trozo_51_jpg.rf.a6adbaad51bf98714f641361217f909f.jpg,687,140,722,170,person
imgs-400/train/arbolitos_400_Flight_01_00030_trozo_51_jpg.rf.a6adbaad51bf98714f641361217f909f.jpg,730,162,760,200,person
imgs-400/train/arbolitos_400_Flight_01_00030_trozo_51_jpg.rf.a6adbaad51bf98714f641361217f909f.jpg,733,12,765,42,person
imgs-400/train/arbolitos_400_Flight_01_00018_trozo_13_jpg.rf.b058c554b01a8260fb927594c0271798.jpg,458,420,487,446,person
imgs-400/train/arbolitos_400_Flight_01_00008_trozo_47_jpg.rf.a86abfe8045e51153eaf1b57977b9144.jpg,405,542,442,574,person
imgs-400/train/arbolitos_400_Flight_01_00005_trozo_18_jpg.rf.b14547a3b5a695c61b68ca9da04ccca3.jpg,294,685,334,723,person
imgs-400/train/arbolitos_400_Flight_01_00011_trozo_57_jpg.rf.b261717ddcae2286a281c2c356e2a465.jpg,619,70,656,106,person
imgs-400/train/arbolitos_400_Flight_01_00011_trozo_14_jpg.rf.a94990d6b7f96ebc97b1da29756f6ed7.jpg,215,611,247,643,person
imgs-400/train/arbolitos_400_Flight_01_00003_trozo_19_jpg.rf.b34f449dd943965ab73ce5745b838539.jpg,612,178,637,218,person
imgs-400/train/arbolitos_400_Flight_01_00003_trozo_19_jpg.rf.b34f449dd943965ab73ce5745b838539.jpg,589,184,615,221,person
imgs-400/train/arbolitos_400_Flight_01_00003_trozo_19_jpg.rf.b34f449dd943965ab73ce5745b838539.jpg,709,25,743,73,person
imgs-400/train/arbolitos_400_Flight_01_00003_trozo_19_jpg.rf.b34f449dd943965ab73ce5745b838539.jpg,536,543,566,579,person
imgs-400/train/arbolitos_400_Flight_01_00003_trozo_19_jpg.rf.b34f449dd943965ab73ce5745b838539.jpg,482,757,518,795,person
imgs-400/train/arbolitos_400_Flight_01_00012_trozo_37_jpg.rf.b4dd7460731538b0c0128d8eefafbaed.jpg,557,79,597,119,person
imgs-400/train/arbolitos_400_Flight_01_00014_trozo_4_jpg.rf.b37ce49b8695e63d203e2cbedb3621ca.jpg,387,228,416,250,person
imgs-400/train/arbolitos_400_Flight_01_00014_trozo_4_jpg.rf.b37ce49b8695e63d203e2cbedb3621ca.jpg,383,247,406,272,person
imgs-400/train/arbolitos_400_Flight_01_00014_trozo_4_jpg.rf.b37ce49b8695e63d203e2cbedb3621ca.jpg,377,269,399,291,person
imgs-400/train/arbolitos_400_Flight_01_00014_trozo_4_jpg.rf.b37ce49b8695e63d203e2cbedb3621ca.jpg,428,276,448,312,person
imgs-400/train/arbolitos_400_Flight_01_00014_trozo_4_jpg.rf.b37ce49b8695e63d203e2cbedb3621ca.jpg,538,395,558,432,person
imgs-400/train/arbolitos_400_Flight_01_00005_trozo_34_jpg.rf.b8e3f55c2ef17dbee20a905f3f94b90c.jpg,580,579,618,610,person
imgs-400/train/arbolitos_400_Flight_01_00025_trozo_46_jpg.rf.b765704305ee4d406a4bbc3a2c00748e.jpg,103,406,135,438,person
imgs-400/train/arbolitos_400_Flight_01_00025_trozo_46_jpg.rf.b765704305ee4d406a4bbc3a2c00748e.jpg,28,455,62,484,person
imgs-400/train/arbolitos_400_Flight_01_00025_trozo_46_jpg.rf.b765704305ee4d406a4bbc3a2c00748e.jpg,202,477,231,512,person
imgs-400/train/arbolitos_400_Flight_01_00025_trozo_46_jpg.rf.b765704305ee4d406a4bbc3a2c00748e.jpg,335,407,364,438,person
imgs-400/train/arbolitos_400_Flight_01_00025_trozo_46_jpg.rf.b765704305ee4d406a4bbc3a2c00748e.jpg,375,390,405,421,person
imgs-400/train/arbolitos_400_Flight_01_00025_trozo_46_jpg.rf.b765704305ee4d406a4bbc3a2c00748e.jpg,411,382,447,414,person
imgs-400/train/arbolitos_400_Flight_01_00025_trozo_46_jpg.rf.b765704305ee4d406a4bbc3a2c00748e.jpg,584,479,608,510,person
imgs-400/train/arbolitos_400_Flight_01_00025_trozo_46_jpg.rf.b765704305ee4d406a4bbc3a2c00748e.jpg,620,478,643,496,person
imgs-400/train/arbolitos_400_Flight_01_00025_trozo_46_jpg.rf.b765704305ee4d406a4bbc3a2c00748e.jpg,616,450,642,478,person
imgs-400/train/arbolitos_400_Flight_01_00025_trozo_46_jpg.rf.b765704305ee4d406a4bbc3a2c00748e.jpg,627,424,656,444,person
imgs-400/train/arbolitos_400_Flight_01_00025_trozo_46_jpg.rf.b765704305ee4d406a4bbc3a2c00748e.jpg,656,401,679,433,person
imgs-400/train/arbolitos_400_Flight_01_00025_trozo_46_jpg.rf.b765704305ee4d406a4bbc3a2c00748e.jpg,679,374,698,392,person
imgs-400/train/arbolitos_400_Flight_01_00025_trozo_46_jpg.rf.b765704305ee4d406a4bbc3a2c00748e.jpg,720,395,746,412,person
imgs-400/train/arbolitos_400_Flight_01_00025_trozo_46_jpg.rf.b765704305ee4d406a4bbc3a2c00748e.jpg,719,415,744,436,person
imgs-400/train/arbolitos_400_Flight_01_00031_trozo_34_jpg.rf.bc4796d833e77bccc8b0bf19e51c8982.jpg,530,340,560,372,person
imgs-400/train/arbolitos_400_Flight_01_00031_trozo_34_jpg.rf.bc4796d833e77bccc8b0bf19e51c8982.jpg,593,72,622,103,person
imgs-400/train/arbolitos_400_Flight_01_00031_trozo_34_jpg.rf.bc4796d833e77bccc8b0bf19e51c8982.jpg,555,126,584,161,person
imgs-400/train/arbolitos_400_Flight_01_00020_trozo_18_jpg.rf.bb782c6def08032b15965c332deee1d7.jpg,536,253,565,285,person
imgs-400/train/arbolitos_400_Flight_01_00020_trozo_18_jpg.rf.bb782c6def08032b15965c332deee1d7.jpg,579,181,610,212,person
imgs-400/train/arbolitos_400_Flight_01_00020_trozo_18_jpg.rf.bb782c6def08032b15965c332deee1d7.jpg,619,174,650,211,person
imgs-400/train/arbolitos_400_Flight_01_00029_trozo_31_jpg.rf.b9567505c5e4a1ed2db7995e9a51fd4b.jpg,475,172,510,203,person
imgs-400/train/arbolitos_400_Flight_01_00029_trozo_31_jpg.rf.b9567505c5e4a1ed2db7995e9a51fd4b.jpg,450,54,482,88,person
imgs-400/train/arbolitos_400_Flight_01_00029_trozo_31_jpg.rf.b9567505c5e4a1ed2db7995e9a51fd4b.jpg,518,80,552,115,person
imgs-400/train/arbolitos_400_Flight_01_00029_trozo_31_jpg.rf.b9567505c5e4a1ed2db7995e9a51fd4b.jpg,84,329,118,361,person
imgs-400/train/arbolitos_400_Flight_01_00029_trozo_31_jpg.rf.b9567505c5e4a1ed2db7995e9a51fd4b.jpg,46,383,74,409,person
imgs-400/train/arbolitos_400_Flight_01_00029_trozo_31_jpg.rf.b9567505c5e4a1ed2db7995e9a51fd4b.jpg,83,404,108,434,person
imgs-400/train/arbolitos_400_Flight_01_00029_trozo_31_jpg.rf.b9567505c5e4a1ed2db7995e9a51fd4b.jpg,51,417,82,445,person
imgs-400/train/arbolitos_400_Flight_01_00003_trozo_39_jpg.rf.ba2624c639760b86500c14b32b6d4779.jpg,113,264,145,301,person
imgs-400/train/arbolitos_400_Flight_01_00003_trozo_39_jpg.rf.ba2624c639760b86500c14b32b6d4779.jpg,160,410,201,445,person
imgs-400/train/arbolitos_400_Flight_01_00012_trozo_56_jpg.rf.bf4c39e098d31c806a2d1b008abc277b.jpg,239,431,271,469,person
imgs-400/train/arbolitos_400_Flight_01_00002_trozo_28_jpg.rf.bfab29784b41bffe8a8e08b6f79f81e2.jpg,584,120,621,148,person
imgs-400/train/arbolitos_400_Flight_01_00002_trozo_28_jpg.rf.bfab29784b41bffe8a8e08b6f79f81e2.jpg,712,60,742,94,person
imgs-400/train/arbolitos_400_Flight_01_00002_trozo_28_jpg.rf.bfab29784b41bffe8a8e08b6f79f81e2.jpg,665,184,696,220,person
imgs-400/train/arbolitos_400_Flight_01_00002_trozo_28_jpg.rf.bfab29784b41bffe8a8e08b6f79f81e2.jpg,16,709,51,747,person
imgs-400/train/arbolitos_400_Flight_01_00023_trozo_24_jpg.rf.c1936043006ea25a4c60fe2cb5cc5cb9.jpg,228,223,266,261,person
imgs-400/train/arbolitos_400_Flight_01_00029_trozo_33_jpg.rf.c156102008144fc8aa8fa4b603ad723d.jpg,637,131,666,154,person
imgs-400/train/arbolitos_400_Flight_01_00029_trozo_33_jpg.rf.c156102008144fc8aa8fa4b603ad723d.jpg,655,238,692,270,person
imgs-400/train/arbolitos_400_Flight_01_00011_trozo_17_jpg.rf.c1337b01df5edb6b8b871706f7371d58.jpg,553,5,593,46,person
imgs-400/train/arbolitos_400_Flight_01_00011_trozo_17_jpg.rf.c1337b01df5edb6b8b871706f7371d58.jpg,584,95,619,137,person
imgs-400/train/arbolitos_400_Flight_01_00028_trozo_1_jpg.rf.c52df9eba73d080c37ead9c45e304e50.jpg,77,440,108,471,person
imgs-400/train/arbolitos_400_Flight_01_00028_trozo_1_jpg.rf.c52df9eba73d080c37ead9c45e304e50.jpg,565,734,600,759,person
imgs-400/train/arbolitos_400_Flight_01_00006_trozo_59_jpg.rf.c5e57f47aec13f8309be2703a0b1168e.jpg,296,35,319,65,person
imgs-400/train/arbolitos_400_Flight_01_00006_trozo_59_jpg.rf.c5e57f47aec13f8309be2703a0b1168e.jpg,272,26,303,66,person
imgs-400/train/arbolitos_400_Flight_01_00017_trozo_32_jpg.rf.cb0658b9ee4d9541d7cc6fd5e987b7d5.jpg,65,626,103,661,person
imgs-400/train/arbolitos_400_Flight_01_00017_trozo_32_jpg.rf.cb0658b9ee4d9541d7cc6fd5e987b7d5.jpg,207,578,253,613,person
imgs-400/train/arbolitos_400_Flight_01_00017_trozo_32_jpg.rf.cb0658b9ee4d9541d7cc6fd5e987b7d5.jpg,262,560,298,596,person
imgs-400/train/arbolitos_400_Flight_01_00017_trozo_32_jpg.rf.cb0658b9ee4d9541d7cc6fd5e987b7d5.jpg,262,631,292,650,person
imgs-400/train/arbolitos_400_Flight_01_00017_trozo_32_jpg.rf.cb0658b9ee4d9541d7cc6fd5e987b7d5.jpg,259,608,291,631,person
imgs-400/train/arbolitos_400_Flight_01_00017_trozo_32_jpg.rf.cb0658b9ee4d9541d7cc6fd5e987b7d5.jpg,689,560,729,606,person
imgs-400/train/arbolitos_400_Flight_01_00017_trozo_32_jpg.rf.cb0658b9ee4d9541d7cc6fd5e987b7d5.jpg,702,371,730,395,person
imgs-400/train/arbolitos_400_Flight_01_00017_trozo_32_jpg.rf.cb0658b9ee4d9541d7cc6fd5e987b7d5.jpg,728,350,764,378,person
imgs-400/train/arbolitos_400_Flight_01_00017_trozo_32_jpg.rf.cb0658b9ee4d9541d7cc6fd5e987b7d5.jpg,722,377,754,397,person
imgs-400/train/arbolitos_400_Flight_01_00029_trozo_4_jpg.rf.c97e56a65181ae4354bcc9b0dabef98f.jpg,571,473,602,507,person
imgs-400/train/arbolitos_400_Flight_01_00029_trozo_4_jpg.rf.c97e56a65181ae4354bcc9b0dabef98f.jpg,536,603,565,634,person
imgs-400/train/arbolitos_400_Flight_01_00017_trozo_53_jpg.rf.ca2dede5493319ff57f9ab9fac72dffa.jpg,513,286,543,320,person
imgs-400/train/arbolitos_400_Flight_01_00017_trozo_53_jpg.rf.ca2dede5493319ff57f9ab9fac72dffa.jpg,643,375,671,407,person
imgs-400/train/arbolitos_400_Flight_01_00017_trozo_53_jpg.rf.ca2dede5493319ff57f9ab9fac72dffa.jpg,675,444,709,484,person
imgs-400/train/arbolitos_400_Flight_01_00019_trozo_40_jpg.rf.c9135de07a6d7454ea0542177447af66.jpg,65,532,115,566,person
imgs-400/train/arbolitos_400_Flight_01_00019_trozo_40_jpg.rf.c9135de07a6d7454ea0542177447af66.jpg,62,646,102,678,person
imgs-400/train/arbolitos_400_Flight_01_00019_trozo_40_jpg.rf.c9135de07a6d7454ea0542177447af66.jpg,113,650,156,680,person
imgs-400/train/arbolitos_400_Flight_01_00030_trozo_57_jpg.rf.cb7eaa14b11d9af7bc24a2f8f0eb298f.jpg,207,201,236,242,person
imgs-400/train/arbolitos_400_Flight_01_00030_trozo_57_jpg.rf.cb7eaa14b11d9af7bc24a2f8f0eb298f.jpg,239,115,271,155,person
imgs-400/train/arbolitos_400_Flight_01_00030_trozo_57_jpg.rf.cb7eaa14b11d9af7bc24a2f8f0eb298f.jpg,249,43,280,83,person
imgs-400/train/arbolitos_400_Flight_01_00005_trozo_7_jpg.rf.cdc30c290eedeb0bd1bdc15cf46a1ee5.jpg,417,363,453,406,person
imgs-400/train/arbolitos_400_Flight_01_00005_trozo_7_jpg.rf.cdc30c290eedeb0bd1bdc15cf46a1ee5.jpg,453,344,484,387,person
imgs-400/train/arbolitos_400_Flight_01_00005_trozo_7_jpg.rf.cdc30c290eedeb0bd1bdc15cf46a1ee5.jpg,354,742,388,778,person
imgs-400/train/arbolitos_400_Flight_01_00024_trozo_20_jpg.rf.cf72741f4f2a7802c8eea4dd5f6f5b95.jpg,36,169,71,199,person
imgs-400/train/arbolitos_400_Flight_01_00014_trozo_57_jpg.rf.ce62c9d83bc0a7a5a2a9de35d780c210.jpg,727,464,752,498,person
imgs-400/train/arbolitos_400_Flight_01_00014_trozo_57_jpg.rf.ce62c9d83bc0a7a5a2a9de35d780c210.jpg,754,454,779,489,person
imgs-400/train/arbolitos_400_Flight_01_00029_trozo_21_jpg.rf.cfce64a1fe656348b64c8d3d6ede2160.jpg,396,562,433,593,person
imgs-400/train/arbolitos_400_Flight_01_00029_trozo_21_jpg.rf.cfce64a1fe656348b64c8d3d6ede2160.jpg,435,351,469,379,person
imgs-400/train/arbolitos_400_Flight_01_00029_trozo_21_jpg.rf.cfce64a1fe656348b64c8d3d6ede2160.jpg,592,429,627,453,person
imgs-400/train/arbolitos_400_Flight_01_00029_trozo_21_jpg.rf.cfce64a1fe656348b64c8d3d6ede2160.jpg,525,556,563,591,person
imgs-400/train/arbolitos_400_Flight_01_00029_trozo_21_jpg.rf.cfce64a1fe656348b64c8d3d6ede2160.jpg,446,762,483,796,person
imgs-400/train/arbolitos_400_Flight_01_00029_trozo_21_jpg.rf.cfce64a1fe656348b64c8d3d6ede2160.jpg,607,742,642,778,person
imgs-400/train/arbolitos_400_Flight_01_00029_trozo_21_jpg.rf.cfce64a1fe656348b64c8d3d6ede2160.jpg,635,682,671,720,person
imgs-400/train/arbolitos_400_Flight_01_00029_trozo_21_jpg.rf.cfce64a1fe656348b64c8d3d6ede2160.jpg,691,625,731,665,person
imgs-400/train/arbolitos_400_Flight_01_00027_trozo_32_jpg.rf.d119e5a377a8e2391f0bb56d9db45fb7.jpg,733,141,767,175,person
imgs-400/train/arbolitos_400_Flight_01_00022_trozo_7_jpg.rf.d0a0b9c9b0b30ebeb7d84d849c74bea4.jpg,157,539,192,569,person
imgs-400/train/arbolitos_400_Flight_01_00011_trozo_6_jpg.rf.cd51b694a9573a398055fca00251f71b.jpg,523,257,557,305,person
imgs-400/train/arbolitos_400_Flight_01_00019_trozo_35_jpg.rf.d272a563ec9740656e8da470a0055df3.jpg,219,192,248,220,person
imgs-400/train/arbolitos_400_Flight_01_00019_trozo_35_jpg.rf.d272a563ec9740656e8da470a0055df3.jpg,194,224,231,252,person
imgs-400/train/arbolitos_400_Flight_01_00019_trozo_35_jpg.rf.d272a563ec9740656e8da470a0055df3.jpg,79,199,116,231,person
imgs-400/train/arbolitos_400_Flight_01_00019_trozo_35_jpg.rf.d272a563ec9740656e8da470a0055df3.jpg,167,411,199,441,person
imgs-400/train/arbolitos_400_Flight_01_00019_trozo_35_jpg.rf.d272a563ec9740656e8da470a0055df3.jpg,226,412,260,447,person
imgs-400/train/arbolitos_400_Flight_01_00019_trozo_35_jpg.rf.d272a563ec9740656e8da470a0055df3.jpg,171,574,205,605,person
imgs-400/train/arbolitos_400_Flight_01_00019_trozo_35_jpg.rf.d272a563ec9740656e8da470a0055df3.jpg,363,305,397,339,person
imgs-400/train/arbolitos_400_Flight_01_00019_trozo_35_jpg.rf.d272a563ec9740656e8da470a0055df3.jpg,384,257,416,289,person
imgs-400/train/arbolitos_400_Flight_01_00019_trozo_35_jpg.rf.d272a563ec9740656e8da470a0055df3.jpg,318,207,350,243,person
imgs-400/train/arbolitos_400_Flight_01_00008_trozo_28_jpg.rf.d0a83b4849a99eef3d8f0f3485a0dd86.jpg,77,437,111,473,person
imgs-400/train/arbolitos_400_Flight_01_00014_trozo_5_jpg.rf.d206dc88e63037743dc5ec20ad1543dd.jpg,187,121,219,161,person
imgs-400/train/arbolitos_400_Flight_01_00022_trozo_37_jpg.rf.d2e43413d1f0deed3126ef4bdfdfc409.jpg,22,249,51,275,person
imgs-400/train/arbolitos_400_Flight_01_00022_trozo_37_jpg.rf.d2e43413d1f0deed3126ef4bdfdfc409.jpg,52,264,76,295,person
imgs-400/train/arbolitos_400_Flight_01_00022_trozo_37_jpg.rf.d2e43413d1f0deed3126ef4bdfdfc409.jpg,31,282,59,310,person
imgs-400/train/arbolitos_400_Flight_01_00022_trozo_37_jpg.rf.d2e43413d1f0deed3126ef4bdfdfc409.jpg,353,215,387,249,person
